搜尋詞,Rank,coupom,relevancy ,tf-idf,relevancy ,semantic_model,relevancy 
口罩,1,"SH 上好生醫 成人醫療防護口罩 未滅菌, 黑色, 50片, 1盒",2,"口罩 無紡布口罩 白色, 50件, 1個",2,可重複使用時尚口罩3入,2
口罩,2,"SH 上好生醫 成人平面醫療防護口罩 未滅菌, 青燕灰, 50片, 1盒",2,"透氣口罩3入組+口罩收納盒 白色, 1套",2,"成人用標準型口罩, 50入, 1盒, 黑色",2
口罩,3,"上好生醫 醫療防護口罩 未滅菌 17.5 x 9.5cm, 奶茶色, 50片, 1盒",2,"口罩 L號 50入 白色+攜帶式口罩 2入, 1套",2,"成人用標準型口罩, 50件, 2個, 黑色",2
口罩,4,"CSD 中衛 成人一級醫療口罩 17.5 x 9.5cm, 薄藍, 50片, 2盒",2,"口罩 L號 50入 黑色+攜帶式口罩 2入, 1套",2,"成人用平面口罩, 50入, 6個, 藍色",2
口罩,5,"MOTEX 摩戴舒 平面醫用口罩 外耳 未滅菌 L, 原色黑, 50入, 2盒",2,雙層棉口罩 L號 4入+口罩繩,2,"成人口罩, 米色, 30入, 1盒",2
口罩,6,"SH 上好生醫 成人醫療防護口罩 未滅菌, 黑色, 50片, 2盒",2,"口罩, 1盒, 50片",2,"成人拋棄式口罩 粉色, 1盒, 50片",2
口罩,7,"SH 上好生醫 成人平面醫療防護口罩 未滅菌, 純潔白, 50片, 2盒",2,"derma:cast 立體口罩 KF80 50入+口罩掛繩, 1套, 白色（口罩），隨機發貨（錶帶）",2,"3層成人口罩, 1件, 50個",2
口罩,8,"上好生醫 成人平面醫療防護口罩 17.5 x 9.5cm, 摩卡奶, 50片, 1盒",2,"口罩, 50張, 1盒, 黑色",2,"3重過濾防護口罩, 50入, 4個, 單品",2
口罩,9,"上好生醫 醫療防護口罩 未滅菌 17.5 x 9.5cm, 奶茶色, 50片, 2盒",2,"口罩 粉色, 1片, 50包",2,"3重過濾防護口罩, 50入, 2個, 單品",2
口罩,10,"SH 上好生醫 成人平面醫療防護口罩 未滅菌, 天空藍, 50片, 2盒",2,"口罩 藍色, 50張, 2個",2,"無紡布口罩面罩圓形全罩片 250p, 單色, 5個",2
洗衣精,1,"Attack 一匙靈 制菌超濃縮洗衣精 補充包, 1.9kg, 3包",2,"LiQ 濃縮洗衣精 直立式洗衣機專用, 2.7L, 1瓶",2,"茶樹莊園 超濃縮洗衣精補充包 天然抗菌, 1.5kg, 4包",2
洗衣精,2,"Attack 一匙靈 抗菌EX強力消臭洗衣精補充包, 1.5kg, 3包",2,"Beat White+ 洗衣精 一般洗衣機用, 4L, 1瓶",2,"茶樹莊園 超濃縮洗衣精 純淨消臭, 1.8kg, 5瓶",2
洗衣精,3,"妙管家 濃縮洗衣精 抗菌, 4000g, 4瓶",2,"Salrimbaekseo 洗衣精, 3L, 2瓶",2,"茶樹莊園 茶樹洗衣精組合包, 茶樹洗衣精2000g+茶樹洗衣精補充包1500g, 1組",2
洗衣精,4,"ARIEL 超濃縮抗菌洗衣精 室內晾衣型, 800g, 2瓶",2,"Beat 除蟎洗衣精 一般洗衣機專用, 3L, 1瓶",2,"茶樹莊園 超濃縮洗衣精 純淨消臭, 1.8kg, 3瓶",2
洗衣精,5,"白蘭 含熊寶貝馨香精華超濃縮洗衣精 補充包 質感小蒼蘭, 1.6kg, 2包",2,"白色衣物洗衣精 1000ml 白麝香, 1瓶",2,"茶樹莊園 超濃縮洗衣精補充包 天然抗菌, 1.5kg, 3包",2
洗衣精,6,"Attack 一匙靈 抗菌EX強力消臭洗衣精, 2.4kg, 2瓶",2,"Downy 藍色洗衣精, 3L, 1瓶",2,"妙管家 瞬洗衣精 洗淨病毒, 1.8kg, 5瓶",2
洗衣精,7,"Attack 一匙靈 抗菌EX強力消臭洗衣精補充包, 1.5kg, 6包",2,"Downy 藍色洗衣精, 3L, 2瓶",2,"茶樹莊園 茶樹天然濃縮酵素洗衣精 強效潔淨, 1.8kg, 6瓶",2
洗衣精,8,"Attack 一匙靈 抗菌EX洗衣精 極淨除垢, 2.4kg, 1瓶",2,"CANTO 洗衣精 1L, 1瓶",2,"茶樹莊園 茶樹超濃縮洗衣精補充包 防霉抗臭, 1.3kg, 6包",2
洗衣精,9,"Attack 一匙靈 抗菌EX防螨洗衣精 補充包, 1.5kg, 3包",2,"souldrops 洗衣精, 1L, 1瓶",2,"妙管家 濃縮亮彩洗衣精 小蒼蘭花香, 4kg, 2瓶",2
洗衣精,10,"妙管家 濃縮洗衣精 抗菌, 4000g, 8瓶",2,"Downy 藍色洗衣精, 3L, 3瓶",2,"茶樹莊園 茶樹天然濃縮酵素洗衣精 強效潔淨, 1.8kg, 1瓶",2
維他命,1,"大研生醫 綜合維他命緩釋膜衣錠, 60顆, 1罐",2,"naturalplus 維他命B50+維他命C錠, 90顆, 1罐",2,"維他命活力錠, 60顆, 1盒",2
維他命,2,"DHC 台灣公司貨 維他命C+B2 30日份, 60顆, 1包",2,"naturalplus 維他命B50+維他命C錠, 90顆, 2罐",2,"綜合維他命活力飲+維他命錠組, 30入, 1盒",2
維他命,3,"台塑生醫 MD Formula 醫之方 緩釋B群雙層錠, 60顆, 1盒",2,"YUNGJIN PHARM 維他命C&維他命D錠, 100顆, 2盒",2,"加拿大維他命錠 85.08g, 60片, 1盒",2
維他命,4,"IMVITA 綜合維他命補充液+錠, 7瓶, 1盒",2,"維他命活力錠, 60顆, 1盒",2,"綜合維他命保健錠 25.8g, 30片, 1個",2
維他命,5,"Centrum 善存 女性綜合維他命, 120顆, 1盒",2,"維他命C保濕精華, 1瓶, 30ml",2,"綜合維他命 30入, 90克, 2盒",2
維他命,6,"Centrum 善存 男性綜合維他命, 120顆, 1盒",2,"維他命活力錠, 60顆, 2盒",2,"綜合維他命, 200ml, 1盒",2
維他命,7,"DHC 台灣公司貨 維他命C+B2 30日份, 60顆, 2包",2,"維他命村 Delicious Mega C 維他命 C 2000 維他命 D 3000 60p, 180g, 3個",2,"綜合維他命錠 1500mg, 30包, 2盒",2
維他命,8,"DHC 活力綜合維他命 30日份, 30顆, 2包",2,"esthemax 維他命面膜, 10入",2,"維他命C隨身包 120g, 60片, 1個",2
維他命,9,"Jen Sheng 人生製藥 渡邊維他命 C1000, 100顆, 1盒",2,"維他命C隨身包 120g, 60片, 1個",2,"CMG 綜合維他命保健錠, 60顆, 2個",2
維他命,10,"Centrum 善存 維他命C甜嚼錠 橘子口味, 60錠, 1盒",2,"esthemax 維他命面膜, 10片, 1個",2,"CMG 綜合維他命保健錠, 60顆, 1組",2
衛生紙,1,"倍潔雅 抽取式衛生紙 2層 150張, 14包, 4袋",2,"衛生紙9包+迷你袖珍衛生紙10包, 1組",2,"倍潔雅 柔軟舒適抽取衛生紙, 150張, 14包, 1袋",2
衛生紙,2,"Scott 可麗舒 柔韌抽取式衛生紙 100張, 10包, 1袋",2,"雪柔 抽取衛生紙, 1包",2,"倍潔雅 超柔韌抽取式衛生紙, 100張, 6包, 16袋",2
衛生紙,3,"得意 連續抽取式花紋衛生紙 100張, 10包, 7袋",2,"Kleenex 舒潔 抽取衛生紙, 1包",2,"倍潔雅 抽取衛生紙, 100張, 6包, 8袋",2
衛生紙,4,"倍潔雅 好韌真 抽取式衛生紙 3層 100張, 10包, 2袋",2,"復古方形衛生紙, 粉色的, 1個",2,"倍潔雅 超柔韌抽取式衛生紙, 100張, 6包, 40袋",2
衛生紙,5,"LIVI 優活 抽取式衛生紙 2層, 24包, 1袋",2,"Hanyeji 抽取式衛生紙, 6盒, 3組",2,"倍潔雅 抽取式衛生紙 2層 150張, 14包, 4袋",2
衛生紙,6,"唯潔雅 抽取式衛生紙 100張, 12包, 6袋",2,"Hanyeji 抽取式衛生紙, 6盒, 4組",2,"五月花 超柔質感 抽取式衛生紙, 100張, 24包, 9袋",2
衛生紙,7,"倍潔雅 抽取式衛生紙 2層 150張, 14包, 8袋",2,"Hanyeji 抽取式衛生紙, 6盒, 5組",2,"倍潔雅 抽取式衛生紙 100張, 8包, 10袋",2
衛生紙,8,"LIVI 優活 柔拭紙巾面紙 方型包 2層 300張, 30包",2,"Hello Kitty 印花衛生紙, 3盒, 1組",2,"倍潔雅 抽取式衛生紙 100張, 8包, 40袋",2
衛生紙,9,"得意 連續抽取式花紋衛生紙 100張, 12包, 7袋",2,"KLEANNARA 衛生紙, 12包, 160張",2,"統潔 良品柔韌親膚抽取式衛生紙, 150張, 120包",2
衛生紙,10,"倍潔雅 好韌真 抽取式衛生紙 3層 100張, 12包",2,"春風 平版衛生紙, 6包, 12袋",2,"倍潔雅 抽取式衛生紙 2層 150張, 14包, 8袋",2
衣架,1,"wide 可旋轉防滑衣架, 黑白色, 30個",2,"可拆卸衣架衣架, 白色的",2,"門衣架多衣架架, 綠色, 2個",2
衣架,2,"LIVENS 防滑衣架, 白色, 50個",2,"可拆卸衣架衣架, 黑色的",2,"可拆卸木架衣架衣架, 十字棕色",2
衣架,3,"comet 防滑塗層衣架, 灰色, 20個",2,"衣架儲物衣架, 5入, 灰色",2,"多用途衣架 5入, 灰色, 1組",2
衣架,4,"comet 防滑衣架, 灰色, 50個",2,"腰帶衣架衣架藍色, 2個",2,"野營衣架衣架 M, 黑色, 1個",2
衣架,5,"不鏽鋼20夾防風曬衣架 不鏽鋼圓形 311g, 2組",2,"衣架專家 移動式衣架, 黑色+白色",2,"32mm 多用途衣架 衣架 72 ~ 110cm, 白色的, 1個",2
衣架,6,"NATURE LIVING 防滑褲架, 深藍色, 10個",2,"衣架專家 移動式衣架, 黑色 白色",2,"32mm 多用途衣架 衣架 110 ~ 160cm, 白色的, 1個",2
衣架,7,"comet Home 可旋轉防滑衣架 41 x 22 x 0.6cm 最大承載4kg, 灰色, 30個",2,"漂亮的衣架洗衣衣架, 100個, 黑色",2,"TU良品 超優質多用途衣架, 21個",2
衣架,8,"Marketplan不銹鋼衣架, 單色, 30入",2,"彩色架 活動衣架 衣架, 白色",2,"多用途衣架 70cm, 單一顏色, 1個",2
衣架,9,"ikloo 宜酷屋 簡易型多功能曬衣架 4.68kg, 白色, 1組",2,"5孔內牆衣架衣架, 黑色的, 1個",2,"TU良品 超優質多用途衣架, 7個",2
衣架,10,"LIVENS 防滑衣架, 白色, 100個",2,"Ecoco 多功能衣架和衣架 黑色, 1個",2,"comet 家用基本型2層固定衣架衣架, 白+黑",2
餅乾,1,"Kid-O 三明治餅乾 奶油口味 4.8oz, 136g, 3袋",2,"餅乾, 100g, 1份",2,"點心餅乾組 B款, 15種零食餅乾, 1組",2
餅乾,2,"Want-Want 旺旺 雪月小雪餅, 75g, 4袋",2,"糙米餅乾, 200g, 6罐",2,"餅乾零食組 B2款, 1組, 16種零食餅乾",2
餅乾,3,"義美 夾心酥 檸檬風味 3包入, 75g, 3盒",2,"巧克力餅乾, 1.8kg, 1包",2,"精選點心餅乾組, 8種零食餅乾, 1組",2
餅乾,4,"SANRITSU 三立製菓 D'asses 白巧克力味夾心餅 12個, 84g, 2盒",2,"糙米餅乾, 10包, 60g",2,"人氣綜合餅乾 C8款, 16種零食餅乾, 1組",2
餅乾,5,"御之味 蔬菜棒棒餅 16包, 256g, 2袋",2,"巧克力餅乾, 20克, 12個",2,"軍隊餅乾3p+米餅乾3p+蔬菜餅乾3p+芝麻餅乾3p套組, 1組",2
餅乾,6,"義美 榛果巧克力酥片 奶素, 140g, 2盒",2,"玉米餅乾, 200g, 2包",2,"巧克力餅乾, 1包, 85g",2
餅乾,7,"義美 蛋捲 原味, 60g, 3盒",2,"巧克力餅乾, 1包, 85g",2,"愛心造型餅乾 3款 各2入, 1組",2
餅乾,8,"旺旺 仙貝 大, 112g, 3袋",2,"糙米餅乾, 20包, 60g",2,"馬卡龍造型餅乾 檸檬口味, 1包, 35g",2
餅乾,9,"鴻津 太國捲, 350g, 2袋",2,"芝麻餅乾, 1000g, 1袋",2,"Win2 巧克力餅乾& 烤馬鈴薯餅乾組, 1組",2
餅乾,10,"義美 榛果巧克力酥片 奶素 牛奶巧克力 8包, 280g, 1盒",2,"芝麻餅乾, 220g, 1罐",2,"零食組 22入, 15種零食餅乾, 1組",2
aaa電池,1,"Home Planet 鹼性4號AAA電池, 32入, 1盒",2,"鹼性AAA電池, 24個, 1件",2,"韓國產鹼性AAA電池, 1個, 24件",2
aaa電池,2,"東芝高功率鹼性 AAA 電池, 10入, 1個",2,"Panasonic 鹼性電池 AAA, 2件, 20個",2,"瑞士高級 AAA 電池, 1個, 40入",2
aaa電池,3,"RAYMAX 鹼性電池 AAA, 80顆, 1盒",2,"韓國產鹼性AAA電池, 1個, 24件",2,"瑞士高級 AAA 電池, 3個, 40入",2
aaa電池,4,"SWISS MILITARY 瑞士鹼性3號電池 AAA 40入, 1組",2,"Panasonic 鹼性 AAA 電池, 20件, 1個",2,"瑞士高級 AAA 電池, 1盒, 20入",2
aaa電池,5,"PROKAN 動力錳電池 AAA 散裝, 60件, 1個",2,"DURACELL 鹼性 AAA 電池, 10入, 4個",2,"散裝鹼性 AAA 電池, 40入, 2個",2
aaa電池,6,"Panasonic 國際牌 Evolta 鈦元素鹼性電池 4號, 10顆, 1組",2,"堅固的 AAA 電池, 8件, 10個",2,"散裝鹼性 AAA 電池, 40入, 5個",2
aaa電池,7,"Home Planet 鹼性4號AAA電池, 64個, 1盒",2,"Bexel 鹼性電池 AAA, 20件, 1個",2,"DURACELL AAA 電池, 40入, 1個",2
aaa電池,8,"TOSHIBA 東芝 高功率鹼性 AAA 電池, 10入, 2個",2,"Bexel 鹼性電池 AAA, 40入, 1個",2,"鹼性電池 AA 24入+AAA 24入, 1組, 24入",2
aaa電池,9,"Energizer 勁量 鹼性4號電池, 12顆, 6組",2,"Raymax 鹼性電池 AAA, 60入, 2個",2,"Panasonic 國際牌 鹼性 AAA 電池, 8入, 5個",2
aaa電池,10,"DURACELL 金頂 經典鹼性4號電池, 12顆, 1組",2,"Bexel 鹼性 AAA 電池, 2件, 10個",2,"DURACELL 超 AAA 電池, 2件, 2個",2
b&eacute,1,"DHC 維他命B群 30日份 台灣公司貨, 60顆, 1包",2,,2,"B&B 洗髮沐浴露, 200ml, 1瓶",2
b&eacute,2,"台塑生醫 MD Formula 醫之方 緩釋B群雙層錠, 60顆, 1盒",2,,2,"B&C Bideok 唱歌麥克風, 混色",2
b&eacute,3,"Nature Made 萊萃美 全方位維生素B群加C 活力配方, 300顆, 1罐",2,,2,"B&D Izendry Plus 洗衣精, 1000ml, 1瓶",2
b&eacute,4,"SENTOSA 三多 女性B群Plus鐵鎂錠, 60錠, 1盒",2,,2,"B&B 去漬噴霧, 500ml, 5瓶",2
b&eacute,5,"大研生醫 B群緩釋雙層錠, 30錠, 1罐",2,,2,"B&B 去漬噴霧, 500ml, 4瓶",2
b&eacute,6,"葡萄王 人蔘蜆B群 Plus B雙層加強碇, 30顆, 1罐",2,,2,"B&C Mighty Gear 自卸車, 混色",2
b&eacute,7,"克補 B群+鐵 加強錠, 90錠, 1組",2,,2,"B&B 蜂膠, 1個, 30ml",2
b&eacute,8,"now 健而婷 維他命B-12膠囊 1000mcg, 1個, 250顆, 1罐",2,,2,"B&B 蜂膠, 2罐, 30ml",2
b&eacute,9,"台塑生醫 MD Formula 醫之方 緩釋B群雙層錠, 60顆, 2盒",2,,2,"BWC 維生素C抗氧化活力精華, 1個, 28克",2
b&eacute,10,"Bertie Biotech 柏諦生技 活力維他命B群 + 鋅 食品膠囊, 30顆, 1包",2,,2,"B&B 衣物柔軟精 佛手柑葡萄柚香, 1500ml, 1罐",2
bnc母轉rca,1,"IQOS Multi 3in1 吉他弦線盤, 1個",2,"優質 RCA 電視同軸電纜白色 20m, SOLTOP-626",2,"Mach Link RCA TO BNC 5C 同軸電纜 白色 2m, CP-1190",2
bnc母轉rca,2,"Mellow Buddy 白色播放器 1212575569, 1組",2,"NEXT BNC 視頻電源浪湧保護器, NEXT-1613SP-VP, 1個",2,"Mach Link 高級 RCA TO BNC 5C 同軸電纜 30m, CP-1151",2
bnc母轉rca,3,"4極6.3mm鋼琴放大器電纜轉換性別, 單品",2,"NEXT BNC視頻電源數據浪湧保護器, NEXT-1614SP-VPD, 1個",2,"Coms HDMI 轉 RCA 轉換器電纜 1.8m, BT965",2
bnc母轉rca,4,"Sky Sun Star Doremi Fasol 蟹寶寶鋼琴 huanhe0535, 混合顏色",2,"NEXT 閉路電視BNC視頻降噪和浪湧保護器, NEXT-001HDGL, 1個",2,"Mach Link 高級 RCA TO BNC 5C 同軸電纜 10m, CP-1148",2
bnc母轉rca,5,"Widen Company SOLO 手動清音節拍器, 粉色",2,"ONE Little Bear VU表RCA 4 通道音頻選擇器白板, VU2-L",2,"Mach Link 高級 RCA TO BNC 5C 同軸電纜 20m, CP-1150",2
bnc母轉rca,6,"MUSIC WORKS 高性能吉他小提琴薩克斯管投手, ADT-300, 混色",2,"Kinyo 行動電源 附Micro公轉Type-C母轉接頭 + Micro USB充電線 63 x 13 x 93mm 112g, KPB-3317, 粉色",2,"Mach Link RCA TO BNC 5C 同軸電纜 白色 30m, CP-1178",2
bnc母轉rca,7,"Coms USB升壓電源線+直流母線, BS987",2,,2,"Mach Link 高級 RCA TO BNC 5C 同軸電纜 2m, CP-1144",2
bnc母轉rca,8,"繆斯博士樂器放大器電吉他線深綠色2W015, 1入",2,,2,"Mach Link RCA TO BNC 5C 同軸電纜 5m, CP-1146",2
bnc母轉rca,9,"PARKSSISANGBANG Namwon Orimok 收音機複製器小板, 1個",2,,2,"光纖數字音頻光纜 TOSLINK RCA 公頭 1RCA 公頭 1.5m, 單品",2
bnc母轉rca,10,"RODE VXLR+ 聲學配件, 單品, 混色",2,,2,"Soltop 金色 RCA 轉 BNC 藍色電視同軸電纜 20m, SOLTOP-905",2
harmoniz,1,"Super Wings 奉伴莊寵物玩具, 混色",2,,2,"HarmonicInnerprizes 保健補充膠囊 660mg, 60顆, 1罐",2
harmoniz,2,"家有惡犬桌遊, 混合顏色",2,,2,"Kohas ID 溫德姆棉夢想家飛鳥面料面料, 淺紫色",2
harmoniz,3,"JINSIM DESIGN 小狗造型玩偶, 混合顏色",2,,2,"SEMEUR 智能手錶設計矽膠綁帶帶線42/44 / 45毫米, 19 張赫爾辛基門票",2
harmoniz,4,"Kids Pang Pang 只柔軟的動物朋友人偶套組, 1套",2,,2,"SEMEUR 智慧型手錶設計矽膠錶帶 38/40/41mm, 19款 赫爾辛基門票",2
harmoniz,5,"我的朋友 mong 工作動物玩偶, 混色",2,,2,"happi hamster 健康樂活配方, 600g, 1罐",2
harmoniz,6,"HAPPY BEARS 甜鳳梨毛絨玩具, 混色, 3個",2,,2,"OREGON'S Wild Harvest 卡宴無麩質明膠膠囊, 1個, 90 件",2
harmoniz,7,"URBAN CAR 狗 娃娃 兔子, 1入, 1個",2,,2,"HarmonicInnerprizes 關節保健膠囊, 30顆, 1罐",2
harmoniz,8,"HAPPY BEARS Buggy Spirit 菱形毛絨毛絨玩具, 混色, 3個",2,,2,"Moizi MZ-H10 語言遊戲耳機, 黑色",2
harmoniz,9,"TERRA By Battat 小狗家庭人物 4 種類型, 1套",2,,2,"Haatz 雙口電磁爐, 自行安裝, HEC-2050SH",2
harmoniz,10,"WISE HAWK Nanoblock Atonano 海洋動物 F (SFwh), 混色",2,,2,"Hamilton Products 完全可調節的狗帶, 漿果藍",2
上層凝膠,1,"SM IVIT GEM gel 免清美甲上層凝膠, 透明, 10ml, 1瓶",2,"yuki 上層凝膠, 單色, 3個",2,"美甲用上層凝膠 10ml, 單色, 1個",2
上層凝膠,2,"Deli Beauty Perfect 免清上層美甲凝膠, 透明, 10ml, 1瓶",2,"yuki 上層凝膠, 單色, 4個",2,"凝膠未固化非擦拭嗖嗖頂部凝膠, 單色, 3個",2
上層凝膠,3,"Deli Beauty Perfect 免清上層美甲凝膠, 透明, 10ml, 1瓶",2,"yuki 上層凝膠, 單色, 6個",2,"凝膠未固化非擦拭嗖嗖頂部凝膠, 單色, 2個",2
上層凝膠,4,"BESSIE 亮面上層凝膠, 透明, 11ml, 1瓶",2,"yuki 上層凝膠, 單色, 5個",2,"BEAUNiX 上層凝膠 12ml, 單色, 120ml, 1瓶",2
上層凝膠,5,"Jello Jello 透亮上層美甲凝膠, 透明, 10ml, 1瓶",2,"美甲用上層凝膠 10ml, 單色, 1個",2,"VERY GOODNAIL 霧面上層凝膠 10ml, 透明, 1個",2
上層凝膠,6,"SM IVIT GEM gel 免清美甲上層凝膠, 透明, 10ml, 2瓶",2,"Passet 美甲上層凝膠, 透明, 1瓶",2,"備用凝膠, 150ml, 3個",2
上層凝膠,7,"withshyan 免清鑽石美甲上層凝膠, 1瓶, 透明, 10g",2,"Passet 美甲上層凝膠, 透明, 2瓶",2,"備用凝膠, 150ml, 2個",2
上層凝膠,8,"BESSIE 霧面上層凝膠, 透明, 11ml, 1瓶",2,"Passet 美甲上層凝膠, 透明, 3瓶",2,"綜合凝膠指甲油組 4入, 基礎凝膠 + 頂部凝膠 + 啞光頂部凝膠 + 透明凝膠, 1套",2
上層凝膠,9,"Deli Beauty Perfect 免清上層美甲凝膠, 透明, 10ml, 2瓶",2,"Passet 美甲上層凝膠, 透明, 4瓶",2,"備用凝膠, 150ml, 4個",2
上層凝膠,10,"BESSIE 亮面上層凝膠, 透明, 11ml, 1瓶",2,"Passet 美甲上層凝膠, 透明, 6瓶",2,"Passet 美甲上層凝膠, 透明, 2瓶",2
修剪草鋸片,1,"FUJIYA 富士箭 萬能電工專業剪刀 210mm, 1支",2,"鼻毛修剪器, 單色, 1個",2,"牧田 TCT 木材圓鋸片 A-50500, 1個",2
修剪草鋸片,2,COMAN 安全刀 - 3 種,2,"Powerpik Lindo 多功能修剪器眉毛鼻毛修剪器, ST9300, 乳白色",2,"牧田 TCT 木材圓鋸片 B-45587, 1個",2
修剪草鋸片,3,"細磨機鏈鋸, 1套",2,河流綠樹修剪,2,"牧田 TCT 木材圓鋸片 D-50566, 1個",2
修剪草鋸片,4,"KaKurI 直手柄/弧形手柄鋸(修剪用), 1個",2,"修剪器鑽頭 12.7mm, 1個",2,"牧田 TCT 木材圓鋸片 D-50500, 1個",2
修剪草鋸片,5,"ETShop高速鋼板開孔鋸5件套/孔鋸 高速鋼開孔鋸 電鑽穿孔沖孔切割開孔鋸, 1套",2,"Medicit 女士修剪脫毛器粉紅色, 10個, 1入",2,"牧田 TCT 木材圓鋸片 D-65442, 1個",2
修剪草鋸片,6,"木工孔鋸 16p, 1套",2,"Wiinue 身體修剪器 藍色, 1件, 1個",2,"牧田 TCT 木材圓鋸片 B-09949, 1組",2
修剪草鋸片,7,"CHIKAMASA 左手修枝剪 CRI-360SFP, 1個",2,"牧田修剪器 N3701, 1個",2,"牧田 TCT 金屬圓鋸片 B-46296, 1個",2
修剪草鋸片,8,"三葉草收割者 2 21-501, 混色, 1入",2,"Panasonic 眉毛修剪器, ER-GM40",2,"TaJIma 田島 鋸片 木工鋸片 木工鐵鋸片 3p, GNB-300, 1個",2
修剪草鋸片,9,"ALLEX 林刃物 專業型萬能剪 長刃 189 x 87 x 13mm, 1支",2,"Idoncare 電動眉毛修剪器, 黑色, 3個",2,"牧田 TCT 鋸片 P-84355, 1個",2
修剪草鋸片,10,"OON 鋼板孔鋸 5件套, 1套",2,"Idoncare 電動眉毛修剪器, 黑色, 4個",2,"Steelforce 木工圓鋸片 100T 255mm TH-WC255SB, 1個",2
倒車雷達型,1,"捷信科技圓偏振無源3D眼鏡空氣雷達, 單品",2,,2,"12.9cm顯示器倒車自動響應後置攝像頭全套LED, 單品",2
倒車雷達型,2,"4760 125mm 用於 Koken 1/2SQ 連接器手, 1個",2,,2,"10.9cm顯示器倒車自動響應後置攝像頭全套鍍鉻, 單品",2
倒車雷達型,3,"Motorsline 車輛後方傳感器警報銀色 200 x 180 x 50 毫米 480 克, PS-14",2,,2,"Radost 倒車護理燈, 灰色",2
倒車雷達型,4,"BANDI i30cw 車牌燈, 單一顏色, 2個",2,,2,"Tikerbell 雷金版58 LED倒車燈T15, 2個, 混合顏色",2
倒車雷達型,5,"城市汽車快速測速HUD, 1個",2,,2,"Aika全款顯示器+自動倒車後置攝像頭套組, 裝飾類型",2
倒車雷達型,6,"MPROBEAM 汽車取消器建造-144 LED燈雙型12V, 混合顏色",2,,2,"ISORA 汽車倒車鏡頭 ISRCP004, OV-004S, 鉻合金",2
倒車雷達型,7,"MPROBEAM 12V汽車取消器建造-144 LED燈單型, 混合顏色, 1個",2,,2,"Radost 倒車護理燈, 黑色大理石",2
倒車雷達型,8,"汽車用3000AMP跳線電纜, 1個",2,,2,"MIXX 汽車專用V2 LED倒車燈, 2個, 水晶白 (6500k)",2
倒車雷達型,9,"Squalo 賽車鏡測水器 SGL-4900M, 1個, 橘色",2,,2,3S汽車多功能倒車傘,2
倒車雷達型,10,"VILCA LED行車記錄器模型+電池 2入+雙面膠, VBX-100",2,,2,"落地車LED倒車燈T15, 2個, 混合顏色",2
充電插線,1,"Forjay 智能手機捲軸式 3 合 1 多充電線, 1m, 透明灰, 1條",2,"PLEPIC 6孔雙面索引筆芯插線綠色, 1入, 2個",2,"大有餐飲快充+3數據線捲充電線, 1個, 風格 6",2
充電插線,2,"漢森C型充電線延長線連接數據線, 1個, 黑色, 20cm",2,CHIMEI 奇美家電 無線充電充電LED護眼台燈 LT-WF080D 336 x 70 x 326mm 1kg,2,"大有餐飲快充+3數據線捲充電線, 1個, 風格 5",2
充電插線,3,"Nuclear數據充電線C型, Clova White, 3個, 2m",2,"humming 攜帶式USB充電牙刷收納架, HMC-1000W, 白色的",2,"大有餐飲快充+3數據線捲充電線, 1個, 風格 3",2
充電插線,4,"Mcdodo 麥多多 Indicator Lightning iPhone 充電數據傳輸線 1.2m, 綠色, 1個",2,"MONCROSS 4 端口快速充電集線器 MSHUB-C3U, 黑色的, 1個",2,"大有餐飲快充+3數據線捲充電線, 1個, 風格 14",2
充電插線,5,"Kalron 3A 快充Lightning 8pin傳輸線 5m, 海軍, 1條",2,"Greenworks 24V 充電切割鋸體, 1個",2,"磁吸快速充電線, 1.5m, 紅色的",2
充電插線,6,"Digi Metal 8-Pin 快充線 1.5m, 2件, 銀色",2,"Dr.CLEANER UV LED攜帶式可充電牙刷清潔器, LD-C700, 黑色的",2,"大有餐飲快充+3數據線捲充電線, 1個, 樣式 13",2
充電插線,7,"Yoitch 多功能傳輸充電線, 黑色的, 2m, 1組",2,"Home Planet 5口USB3.0電源集線器（USB*4+充電*1）, 黑色",2,"Fundian Micro USB 快速充電線 黑色, 炭黑色, 4.方電2028AWG鍍金5針快充快充線80cm, 0.8m",2
充電插線,8,"3合1捲軸式充電線, 120cm, 1個, 金屬色 橙色",2,"House California Fastline 數據充電雙線 1m, 黑色, 1個",2,"NDM 高通快速充電多 4 端口插孔充電器支架類型 1.8m + 3WAY 充電線, 充電器（黑色）、數據線（隨機發貨）, S-J003",2
充電插線,9,"allo Korea 3 in 1多插頭快充線, 灰色的, 1個",2,"便攜式紫外線牙刷清潔器含USB充電底座 501S, 白色的",2,"大友餐飲充電器線數據線保護器款式4, 混色, 1個",2
充電插線,10,SMART BERRY MFi 認證 Lightning 數據線 充電線 1M 白色,2,"便攜式紫外線牙刷清潔器含USB充電底座 501S, 黑色的",2,"大友餐飲充電器線數據線保護器7款, 混色, 1個",2
兒童水杯,1,"MOTHER-K HUG 防逆流PP水杯, 冰綠色, 240ml, 1個",2,"Edison 兒童一觸式水杯, 1個, 薄荷, 350ml",2,"孩童小熊造型雙耳水杯, 灰色, 1入",2
兒童水杯,2,"b.box 防漏學習水杯 240ml, 小鹿斑比, 6個月以上, 1個",2,"sillymann 吸管兒童水杯 250ml, 蜜蜂, 1個",2,"kitchen U 動物故事兒童雙層不鏽鋼水杯, 1個, 混色, 160ml",2
兒童水杯,3,"b.box 防漏學習水杯, 波蘿綠, 240ml, 1個",2,"LILFANT Kiyo 兒童雙色手柄水杯, 1個, 混色",2,"kitchen U 兒童防滑手柄不銹鋼水杯, 1個, 混色, 270ml",2
兒童水杯,4,"PUKU 藍色企鵝 Tritan彩虹糖水杯 330ml, 皇家象, 1個",2,"LILFANT 兒童 Pochacco 雙色手柄水杯, 混色, 2個",2,"rice 兒童水杯 小 170ml, 恐龍派對, 1個",2
兒童水杯,5,"ERiC CARLE 艾瑞卡爾 雙層不鏽鋼杯 附密封蓋, 白色, 1組",2,"munchkin 兒童夜光水杯 266.2ml, 1份, 隨機出貨",2,"kitchen U 動物故事兒童防滑不鏽鋼水杯, 1個, 混色",2
兒童水杯,6,"Skater 堆疊杯 恐龍 KS31 220ml 3入, 1組",2,"Skater 美耐皿兒童水杯 M310 230ml, 米奇, 1個",2,"孩童造型矽膠雙耳水杯, 黃色, 2入",2
兒童水杯,7,"b.box 學飲杯, 1個, 240ml",2,"Skater 美耐皿兒童水杯 M310 230ml, 小飛象, 1個",2,"nestique 孩童用水杯 200ml 3入組, 檸檬黃+橄欖綠+淺藍色, 1組",2
兒童水杯,8,"Skater 寬底吸管杯 370ml, 粉紅派對, 1個",2,"Skater 美耐皿兒童水杯 M310, 新幹線, 230ml, 1個",2,"aizoum Baby Shark 兒童水滴手柄水杯, 混色, 3個, 240ml",2
兒童水杯,9,"Richell 利其爾 TLI 360度防漏水杯, 200ml, 1個, 泡沫之夏",2,"aizoum Baby Shark 兒童水滴手柄水杯, 混色, 5個, 240ml",2,"sillymann 100%鉑金矽膠 兒童專用雙手握把喝水學習杯 220ml, 檸檬黃, 2個",2
兒童水杯,10,"Richell 利其爾 AQ恐龍世界水杯 含底座 7個月以上, 320ml, 1個",2,"IZOUM 兒童無閃粉槽防滑不銹鋼水杯 300ml, 2個, 混色",2,"LILFANT 兒童Sanrio Kiyo雙色手柄水杯, 1個, 美樂蒂",2
冰溫空調,1,"R4U冷暖壁掛空調防風罩2號白灰, 1個, 單品",2,"壁掛式空調防塵罩, 混色",2,"空調系統溫濕度獨立控制（厚）精裝, 施普林格",2
冰溫空調,2,"Gatsu 高級隔熱空調室外機罩 2p, 單品, 1個",2,"呼吸空調擋風玻璃空調機翼防護A型, 單品, 1個",2,"創世紀GV60調音空調成型蓋, 碳, 冷氣機",2
冰溫空調,3,"冷氣室外機隔熱墊, 1入",2,"元山 蒸汽式冰溫熱開飲機 12.2L 18.5kg, YS-9980DWIE",2,"夏季商店空調室外機支架塊類型 2 階段, 單品, 4個",2
冰溫空調,4,"MiCRONiCS 空氣冷卻器 ICEROCK MA-410, 黑色",2,"立式空調導流板, 單品, 1個",2,"壁掛式空調風控裝置空調控制器透明 70 x 16 cm, 單品",2
冰溫空調,5,"comet 冷氣室外機鋁製防雨罩, 單品, 1個",2,"YENSUN 元山 桶裝式冰溫熱飲水機 324 x 352 x 560mm 15g, YS-8201BWIB",2,"LG LG 一體式萬用空調遙控器 空調及暖氣系統遙控器, IRD-222, 1個",2
冰溫空調,6,"WINDXING 冷氣機, 單品, 1套",2,"HSAE 空調清潔噴霧, 450ml, 1瓶",2,"FOULON 5區3代空調室外機節電頂蓋, 銀色",2
冰溫空調,7,"Bestom 三級高度可調折疊降溫網, 1個",2,"MG空調擋風天鵝, 單品",2,"夏季商店空調室外機支架直式 520, 單品, 2個",2
冰溫空調,8,"CHEFMADE 多用長方形降溫網 黑色, 1個",2,"車用USB空調降溫坐墊, 單色",2,"壁掛式空調風向控制空氣控制器透明 70 x 20 厘米, 單品",2
冰溫空調,9,"Alpha Commerce 夏季車載辦公室降溫冰墊, 灰色",2,"空調室外機節電罩, 混色",2,"天花板系統空調風向控制裝置空氣控制器4way 4p, 單品",2
冰溫空調,10,"降溫涼墊+枕套 2入, 孔雀藍",2,"Naver 壁掛式空調遙控器收納盒, 1個",2,"The Zari 立式冷空調罩, 閃爍白色",2
冰箱鎖,1,"冰箱防開安全鎖組 帶型, 5入, 灰色",2,"冰箱安全鎖, 5入, 單色",2,"冰箱防開安全鎖組, 2入, 灰色",2
冰箱鎖,2,"冰箱防開安全鎖 夾型, 5入, 灰色",2,"CHANEAC 多用冰箱鎖, 2個",2,"我的秘密之家冰箱鎖白色, 1套",2
冰箱鎖,3,"dreambaby 冰箱安全扣 F802, 單色",2,"SUNFLOWER安全鎖泰迪熊冰箱, 2件",2,"冰箱防開安全鎖組 帶型, 5入, 灰色",2
冰箱鎖,4,"冰箱防開安全鎖組 帶型, 5入, 灰色",2,"Aiel 冰箱防開安全鎖, 白色的, 3個",2,"CHANEAC 多用冰箱鎖, 2個",2
冰箱鎖,5,"冰箱防開安全鎖組 磁鐵型, 白色, 1組",2,"我的秘密之家冰箱鎖白色, 1套",2,"Preppy 無孔冰箱鎖裝置數位方形白色, 1個",2
冰箱鎖,6,"Aiel 冰箱防開安全鎖, 白色的, 3個",2,"冰箱防開安全鎖 夾型, 5入, 灰色",2,"櫥櫃密碼掛鎖 12cm 紅色, 1個",2
冰箱鎖,7,"我的秘密之家冰箱鎖黑色, 1組, 黑色",2,"Aiel 冰箱防開安全鎖, 隨機發貨, 1個",2,"SUNFLOWER安全鎖泰迪熊冰箱, 2件",2
冰箱鎖,8,"冰箱鎖鎖, 2個",2,"我的秘密之家冰箱鎖黑色, 1組, 黑色",2,"多用途冰箱蓋雙門, 羽毛款",2
冰箱鎖,9,"Coco 開關式兒童抽屜鎖, 6個",2,"小熊造型櫃門安全鎖 6入+冰箱磁鐵 3入, 1組",2,"Langwoojeong 彩色圓點馬卡龍冰箱門磁 8p, 紫色",2
冰箱鎖,10,"BUSYANGEL 櫃門專用安全扣, 白色的, 6件",2,"Stump Friends 11 窗戶冰箱安全鎖方形白色, 1個",2,"樹樁朋友窗戶冰箱燈安全鎖方形黑色, 1個",2
冰茶,1,"JARDIN Cafereal 水蜜桃冰茶, 230ml, 10包",2,"Capri-Sun 蜜桃冰茶+蘋果冰茶+柳橙冰茶 各10包, 200ml, 30包",2,"泰山 冰鎮 葡萄鮮冰茶, 250ml, 48入",2
冰茶,2,"McNulty Coffee 桃子冰茶, 190ml, 10入",2,"水蜜桃冰茶濃縮液, 600g, 2個",2,"Arizona 檸檬風味冰茶, 680ml, 3罐",2
冰茶,3,"TIO 桃子冰茶隨身包, 13g, 40包, 1盒",2,"水蜜桃冰茶濃縮液, 600g, 3個",2,"泰山 冰鎮 葡萄鮮冰茶, 250ml, 120入",2
冰茶,4,"CAFFE BENE 咖啡伴 蜜桃冰茶飲, 190ml, 10入",2,"冰茶檸檬口味, 13g, 18入, 3個",2,"泰山 冰鎮 葡萄鮮冰茶, 250ml, 24入",2
冰茶,5,"泰山 冰鎮 葡萄鮮茶, 535ml, 24瓶",2,"檸檬水加冰茶, 1個, 355ml",2,"雙溪明茶綠茶冰茶10p, 2盒, 1.5g",2
冰茶,6,"JARDIN Cafereal 水蜜桃冰茶, 230ml, 20包",2,"水蜜桃冰茶濃縮液, 600克, 1個",2,"Bokumjari 零桃冰茶, 1.58L, 2個",2
冰茶,7,"McNulty Coffee ZERO青葡萄冰茶, 1盒, 13ml",2,"Sweetcup 冰茶藍, 1kg, 1包",2,"雙溪明茶綠茶冰茶10p, 1盒, 1.5g",2
冰茶,8,"Ice Talk 水蜜桃冰茶, 230ml, 10入",2,"冰茶桃, 14g, 40條, 2盒",2,"無糖水蜜桃冰茶沖泡飲隨身包, 15g, 10條, 1盒",2
冰茶,9,"RICO 紅牌 檸檬紅茶, 340ml, 120罐",2,"TACO 檸檬冰茶, 1kg, 1包, 2包",2,"無糖水蜜桃冰茶沖泡飲隨身包, 15g, 10條, 4盒",2
冰茶,10,"TIO 桃子冰茶隨身包, 13g, 18包, 2盒",2,"冰茶桃, 14g, 40條, 3盒",2,"無糖水蜜桃冰茶沖泡飲隨身包, 15g, 10條, 5盒",2
冷壓初榨,1,"JCI 艾欖 西班牙特級冷壓初榨橄欖油, 1L, 1瓶",2,"冷壓初榨酪梨油, 500ml, 1個",2,"冷壓特級初榨橄欖油 檸檬味, 250ml, 1個",2
冷壓初榨,2,"BOSTOCK 頂級冷壓初榨酪梨油, 250ml, 1瓶",2,"特級冷壓初榨橄欖油, 500ml, 1瓶",2,"初榨橄欖油, 1個, 1L",2
冷壓初榨,3,"totally kiwi 冷壓初榨亞麻仁油, 250ml, 1瓶",2,"特級冷壓初榨橄欖油, 500ml, 3個",2,"冷壓初榨酪梨油, 1L, 1組",2
冷壓初榨,4,"totally kiwi 紐西蘭冷壓初榨亞麻仁油 柑橘, 250ml, 1瓶",2,"冷壓初榨酪梨油, 1L, 1組",2,"冷榨水梨汁 20包入, 1盒",2
冷壓初榨,5,"TOMOliving 友好生活 冷壓初榨純苦茶油, 255ml, 1瓶",2,"咖啡冷壓特級初榨橄欖油, 250ml, 1個",2,"plenty 沛蘭緹 冷壓初榨核桃油, 375ml, 3瓶",2
冷壓初榨,6,"KIRKLAND 科克蘭 冷壓初榨橄欖油, 2L, 1個",2,"Haepyo 冷壓初榨橄欖油, 250ml, 1瓶",2,"冷榨水梨汁 10包入, 1L, 2盒",2
冷壓初榨,7,"totally kiwi 紐西蘭冷壓初榨亞麻仁油 蒜香, 250ml, 1瓶",2,"now 特級冷壓初榨芝麻油, 1個, 250ml",2,"鮮榨檸檬汁, 1000ml, 4個",2
冷壓初榨,8,"冷壓初榨酪梨油, 1L, 1組",2,"特級初榨冷壓橄欖油+特級初榨冷榨酪梨油禮盒, 1套",2,"鮮榨檸檬汁, 1000ml, 5個",2
冷壓初榨,9,"totally kiwi 冷壓初榨亞麻仁油, 250ml, 2瓶",2,"COCOCARE 冷壓初榨椰子油, 500ml, 1罐",2,"冷壓初榨酪梨油, 500ml, 1個",2
冷壓初榨,10,"CO'DAY 好日籽 100%鮮榨頂級苦茶油, 500ml, 1瓶",2,"BADIA 特級初榨冷壓橄欖油, 1入, 100ml",2,"咖啡冷壓特級初榨橄欖油, 250ml, 1個",2
即食飯,1,"OTTOGI 不倒翁 即食米飯, 210g, 12個",2,"The Mi Shik 即食白飯 3入+即食五穀飯 3入+即食糙米飯 3入+即食紫米飯 3入, 1組",2,"即食牛肉拌飯, 110g, 20個",2
即食飯,2,"OTTOGI 不倒翁 即食五穀飯, 210g, 6個",2,"The Mi Shik 即食白飯 3入+即食五穀飯 3入+即食糙米飯 3入+即食紫米飯 3入, 2組",2,"The Mi Shik 即食白飯 3入+即食五穀飯 3入+即食糙米飯 3入+即食紫米飯 3入, 2組",2
即食飯,3,"OTTOGI 不倒翁 即食白飯, 150克, 6盒",2,"孩童即食飯, 3入, 小米飯口味, 140g",2,"即食韓式泡菜拌飯, 100g, 2包",2
即食飯,4,"gomgom 即食白飯, 200g, 10入",2,"即食米飯, 210g, 12入",2,"孩童即食飯, 6入, 140g, 香軟口感",2
即食飯,5,"OTTOGI 不倒翁 即食黑米雜糧飯, 3入, 210g",2,"孩童即食飯, 15入, 小米飯口味, 140g",2,"即食義大利燉飯, 1包, 227g",2
即食飯,6,"OTTOGI 不倒翁 即食米飯, 210g, 24個",2,"孩童即食飯, 9入, 小米飯口味, 140g",2,"孩童即食飯, 12入, 140g, 香軟口感",2
即食飯,7,"OTTOGI 不倒翁 即食糙米雜糧飯, 3入, 210g",2,"OTTOGI 不倒翁 即食白米飯210g 12入+即食糙米飯150g 12入組, 24入",2,"即食蘑菇拌飯, 100g, 2包",2
即食飯,8,"gomgom 微波即食珍貴雜糧飯, 210g, 12個",2,"即食白米飯, 60g, 3包",2,"孩童即食飯, 15入, 140g, 香軟口感",2
即食飯,9,"OTTOGI 不倒翁 即食紫米飯, 210g, 6入",2,"即食蒟蒻糙米飯, 150g, 5個",2,"Easybab 即食韓式牛肉拌飯, 120g, 1包",2
即食飯,10,"gomgom 即食白飯, 200g, 20入",2,"即食蒟蒻飯, 170g, 20包",2,"孩童即食飯, 18入, 140g, 香軟口感",2
卸眼唇,1,"ETUDE 好純淨眼唇卸妝液, 320ml, 1入",2,"眼唇卸妝液, 100ml, 1個",2,"眼唇卸妝液, 100ml, 1瓶",2
卸眼唇,2,"innisfree 蘋果籽眼唇卸妝液, 100ml, 1瓶",2,"眼唇卸妝液, 100ml, 1瓶",2,"眼唇卸妝液, 100ml, 2件",2
卸眼唇,3,"Ariel 舒緩膠束眼唇卸妝液, 300ml, 2瓶",2,"眼唇卸妝液, 250ml, 1瓶",2,"Biore 蜜妮 高效活性眼唇卸妝液, 130ml, 1瓶",2
卸眼唇,4,"ENPRANI 保濕眼唇卸妝液, 100ml, 1個",2,"眼唇卸妝液, 100ml, 2件",2,"Bifesta 碧菲絲特 眼唇卸妝液, 3瓶, 145ml",2
卸眼唇,5,"POND'S 旁氏 深層潔淨眼唇Spa卸妝液, 120ml, 3瓶",2,"Sroum 保濕洗卸兩用泡沫洗面乳, 145ml, 1組",2,"IASO 溫和眼唇卸妝液, 110ml, 1個",2
卸眼唇,6,"Etude 睫毛膏卸妝液, 80ml, 2入",2,"BLANC DIVA 溫和洗卸泡沫潔面乳 150ml, 1瓶",2,眼唇卸妝墊,2
卸眼唇,7,"TONYMOLY 潔淨眼唇卸妝液, 250ml, 1瓶",2,"NARD 深層清潔眼脣卸妝液, 500ml, 1瓶",2,"A'pieu 礦物溫和眼唇卸妝液, 250ml, 4瓶",2
卸眼唇,8,"LA ROCHE POSAY 理膚寶水 高效溫和眼部卸妝液, 125ml, 1瓶",2,"ORJENA 膠原蛋白肌膚緊緻卸妝水, 300ml, 1瓶",2,"Dr. G 深層眼唇卸妝液, 120ml, 2瓶",2
卸眼唇,9,"L'OCEAN 眼唇卸妝液, 100ml, 1瓶",2,"眼唇卸妝墊, 60g, 2個",2,"伊蒂之屋眼唇卸妝液, 250ml, 2個",2
卸眼唇,10,"RNW 透明溫和眼唇卸妝液, 120ml, 1組",2,"BIONISTA 無香料高保濕緊緻卸妝水, 500ml, 1瓶",2,"MERZY 莓果眼唇卸妝液, 210ml, 8瓶",2
去污清潔劑,1,"潔霜 S浴廁專用清潔劑, 650g, 3瓶",2,"Wishio 磁磚清潔劑去污清潔劑, 800ml, 1個",2,"清潔劑, 450ml, 1瓶",2
去污清潔劑,2,"Astonish 除黴去污清潔劑, 750ml, 2瓶",2,"Astonish 除黴去污清潔劑, 750ml, 2瓶",2,"清潔實驗室多用途清潔劑 480ml + 多用途清潔劑補充裝 1.5L, 6套",2
去污清潔劑,3,"妙管家 水垢殺手 清潔劑, 750g, 2瓶",2,"Astonish 除黴去污清潔劑, 750ml, 3瓶",2,"更清潔和強大的污垢清潔劑, 180g, 4個",2
去污清潔劑,4,"潔霜 S浴廁清潔劑 潔淨杏香, 3.8kg, 2桶",2,"Astonish 除黴去污清潔劑, 750ml, 5瓶",2,"清潔實驗室多用途清潔劑 480ml + 多用途清潔劑補充裝 1.5L, 3套",2
去污清潔劑,5,"3M 魔利萬用去污劑 柑橘清香, 2700ml, 1瓶",2,"OMINO BIANCO 去污劑去污劑, 500毫升, 1個",2,"更清潔和強大的污垢清潔劑, 180g, 6個",2
去污清潔劑,6,"第一石鹼 Rookie 馬桶清潔劑, 500ml, 6瓶",2,"Slowway Scale 油垢去污清潔劑, 4個, 150ml",2,"清潔實驗室多功能清潔劑, 480ml, 12個",2
去污清潔劑,7,"ORANGE HOUSE 橘子工坊 家用清潔類浴廁清潔劑 兩用噴槍, 480ml, 2瓶",2,"Tamsaa 浴廁去污除垢泡沫噴霧清潔劑, 2口, 800ml",2,"生活方式配方強力清潔多用途清潔劑, 3個, 500ml",2
去污清潔劑,8,"加倍潔 過碳酸鈉去污粉, 600g, 2包",2,"Astonish 除黴去污清潔劑 青蘋果香, 750ml, 1瓶",2,"原廠多用途清潔劑, 4.25L, 1桶",2
去污清潔劑,9,"Mr Muscle 威猛先生 玻璃清潔劑 加侖桶, 3785ml, 1桶",2,"噴霧去污劑和洗衣粉, 300ml, 1個",2,"去除污垢和異味洗衣機清潔劑 6p, 4個, 78g",2
去污清潔劑,10,"清淨海 檸檬泡泡水垢清潔液, 400g, 1瓶",2,"Kao 花王 Magiclean 魔術靈 馬桶去污抗菌清潔劑, 500ml, 2瓶",2,"清潔實驗室多用途清潔劑補充裝, 1.5L, 2個",2
反光飾片,1,"Lifesalim 拍攝圓形反光板 60cm, 1個, 單品",2,"車門反光防撞貼 4入+反光貼 12入, 1套, 黑色（門衛）、銀色（反光貼）",2,"ANTS 汽車防護反光裝飾貼紙 藍色, 2件",2
反光飾片,2,"Lifesalim 拍攝圓形反光板 80cm, 1個, 單品",2,"車門反光防撞貼 4入+反光貼 12入, 黑色（門衛）、銀色（反光貼）, 1套",2,"夜光裝飾貼紙 6入 2組, BS-220",2
反光飾片,3,"Lifesalim 拍攝圓形反光板 110cm, 1個, 單品",2,"RACETECH K5 後備箱反光貼 銀色反光, 1個",2,"ANTS 車門反光安全貼紙, 4件",2
反光飾片,4,"DAEHAN 攝影用反光紙, 單品（銀）, 4個",2,"反光貼紙碳環氧反光彎A型套組, 1套, 紅色",2,"夜光裝飾貼紙 CS-344 2入, 單一顏色",2
反光飾片,5,"DAEHAN 3色攝影反光板 L, 單品, 2個",2,"初學者駕駛反光磁貼圓形2p+反光紙紙套組, 22, 1套",2,"汽車安全距離維護反光貼紙 FS-2210, 300mmX40mm, 1個",2
反光飾片,6,"多功能背景布反光板夾, 1個, CP-DH-15",2,"PET反光膠帶反光貼紙100mm X 10M 1個, 黃色/黑色對角線",2,"ANTS 車門反光安全貼紙 藍色, 4件",2
反光飾片,7,"Plthink 優質反光板夾支架, PL-6860, 1組",2,"RACETECH 開拓者後備箱反光貼反光貼紅色, 紅色反射",2,"汽車化妝汽車反光貼紙銀色0.5cm, 銀色, 1個",2
反光飾片,8,"SKORA 安全警示反光貼紙長方形18張+箭頭18張, 黃色",2,"反光貼紙碳環氧反光日期B型套組, 氖, 1套",2,"Katem Maxcruz 反光貼花貼紙, 1組",2
反光飾片,9,"aurora Lite Bank 拍攝用圓形反光板 60cm, LD60S/W, 1個",2,"初學者駕駛反光磁貼長方形中號+反光紙套組, 1套, 23",2,"汽車安全距離維護反光貼紙 FS-2210, 950 x 126 毫米, 1個",2
反光飾片,10,"攜帶式拍攝用反光鏡 NO.1 金+銀色, 1個, 單品",2,"初學者駕駛反光磁貼長方形大號+反光紙套組, 1套, 34",2,"ANTS 車門反光安全貼紙 紅色, 4件",2
吊夾架,1,"auvil 穿孔線架吊頂片小, 銀, 1個",2,"方形多夾架綠色, 7個",2,"Homevanesse 多用途旋轉夾吊架, 1個, 橘色",2
吊夾架,2,"免鑽掛鉤，無需彗星釘即可安裝, 2個, 白色",2,"JCP 圓形多夾架 黃色, 7個",2,"iMate 雙向夾具吊架, 透明, 4個",2
吊夾架,3,"HICKIES 夾鉤 LH50, 單色, 2個",2,"POWER RACK 廚房收納夾架, 1個",2,"多軌線架吊架組, 黑色的, 2套",2
吊夾架,4,"Kotech 簡易架子插釘, 單色, 8個",2,"Bswan 自動磁性眼平夾架, 1個",2,"Zihu 簡單線條鋼多吊架, 白色的",2
吊夾架,5,"iMate 雙向夾具吊架, 透明, 4個",2,"畫框吊鉤繩 2M, 單色, 6入",2,"市場計劃 一件式多用途不銹鋼夾具吊架標準型, 20個, 黑色",2
吊夾架,6,"S&Q多用途夾式掛鉤吊架, 6個, 單色",2,"不鏽鋼吊掛式碗盤架, 單色",2,"木質5孔吊架式, 1個, 黑色",2
吊夾架,7,"市場計劃 一件式多用途不銹鋼夾具吊架標準型, 20個, 薄荷",2,"THE LIVING 多用途不鏽鋼吊掛夾, 銀色, 10入",2,"吊鉤夾子 黑色, 30個",2
吊夾架,8,"Homevanesse 多用途旋轉夾吊架, 1個, 橘色",2,"LUCIRODA 吊帶式網狀揹帶, 灰色",2,"WHASHIN 夾吊架包金10p +甜甜圈夾子箱隨機運輸10p, 1套",2
吊夾架,9,"Kaya Life 保利塔卡衣架KL-546, 1個",2,"SANGSANGHOO 伸縮桿+吊環夾6入套組, 白色",2,"立式立柱吊架 可拆卸立柱吊架, 黑色的",2
吊夾架,10,"多功能吊架4件組, 16個, 橙色、墨綠色、深藍色、黃色",2,"JOY MULTI 攜帶式吊帶揹帶, 海軍藍(粉色)",2,"管內吊管L型二層吊架B005, 深灰色, 1個",2
吸附灰塵,1,"威拂 魔撢補充包 12片, 粉色, 1盒",2,"Mins Living 灰塵去除大量隨機發送, 2件",2,"吸塵器除塵套裝, 混色, 1組",2
吸附灰塵,2,"驅塵氏 防螨除塵紙, 3包",2,"吸附式壁鉤, 透明, 5入",2,"吸塵器清潔套組, 1個",2
吸附灰塵,3,"驅塵氏 乾濕鑽石拖把組, 鑽石乾濕拖 + 除塵紙 20 x 28.5cm 5張 + 抗菌濕拖巾 20 x 28.5cm 5張, 1組",2,"everybot 3i真空吸塵器大量的灰塵, 單品, 1個",2,"DIAN 吸吮吸塵器+靜電清潔布10張套組, 1套",2
吸附灰塵,4,"家簡塵除 伸縮地板黏塵拖補充包 3捲入, 1包",2,"Interpop吸附式生活收納籃2p, 綠色",2,"河綠超細纖維吸塵器橙+綠, 混色, 1套",2
吸附灰塵,5,"家簡塵除 超大地板黏塵拖補充包, 1包",2,"KOXINA 多吸附環棒, 混色, 1個",2,"大型演出用乾濕兩用吸塵器 15L GVL-015LS, 黑色+橙色",2
吸附灰塵,6,"NEXCLEANS 舞水痕 除塵吊扇刷 32.5*120cm, 1組",2,"STAFIX 吸附皂漆, 單色, 1個",2,"EX-POWER Industrial 1600W 乾濕兩用吸塵器 20L EVC-20, 黑+白+藍",2
吸附灰塵,7,"Kao 花王 Magiclean 魔術靈 捷淨美學 乾濕兩用拖把, 1盒",2,"aryko 吸附式肥皂架橢圓形, 銀, 3個",2,"Dibea 無線吸塵器床鋪灰塵吸頭, 單品, 1個",2
吸附灰塵,8,"家簡塵除 伸縮地板黏塵拖補充包 3捲入, 4包",2,"河綠色可愛吸附簡易衣架, 白色的, 2件",2,"NEXKO 營業用吸塵器, (20L) 商用吸塵器 HNV-20LC",2
吸附灰塵,9,"3M Scotch-Brite 百利 妙用擦, 3包",2,"Block Mart 吸附式室內鞋架收納架, 1個",2,"生活通吸塵器, 1個",2
吸附灰塵,10,"novopin 除塵墊片 25 x 20cm 3個, 1盒",2,"Saenghwalgongsik 吸附式棉絨除塵滾筒, 白色的, 1個",2,"DIWORTH 攜帶式迷你桌面吸塵器, 白色, CL-C500",2
咖啡拿鐵,1,"GEORGIA 喬亞 滴濾拿鐵咖啡, 350ml, 24瓶",2,"LOOKAS9 拿鐵三件套, 拿鐵 30入+雙倍拿鐵 30入+香草拿鐵 30入, 1組",2,"咖啡豆 香草拿鐵 杯咖啡, 300ml, 10個",2
咖啡拿鐵,2,"貝納頌 原味拿鐵, 375ml, 24入",2,"Namyang 南陽乳業 拿鐵4號禮盒, 拿鐵 + 雙倍拿鐵 + 香草拿鐵 + 獨家馬克杯, 1套",2,"咖啡豆香草拿鐵袋咖啡, 190ml, 20個",2
咖啡拿鐵,3,"ucc AROMA艾洛瑪拿鐵, 500ml, 24瓶",2,"aLIST Twosome Place綜合風味咖啡禮盒組 11號款, 1組, 黑咖啡 22g +溫和混合咖啡 11g+香草拿鐵 160g+拿鐵咖啡 200g",2,"鮮一杯 老舊金山拿鐵咖啡二合一, 12g, 50包, 4盒",2
咖啡拿鐵,4,"貝納頌 三合一咖啡 經典拿鐵, 20g, 25包, 1盒",2,"Binggrae 咖啡 拿鐵, 240ml, 5瓶",2,"咖啡豆香草拿鐵袋咖啡, 190ml, 30個",2
咖啡拿鐵,5,"光泉 午后時光 重乳咖啡拿鐵, 330ml, 24入",2,"KANU 拿鐵咖啡禮盒 7-1號, 拿鐵138.4g 2入+香草拿鐵138.4g 2入+不銹鋼馬克杯, 1組",2,"鮮一杯 老舊金山拿鐵咖啡二合一, 12g, 50包, 6盒",2
咖啡拿鐵,6,"鮮一杯 老舊金山拿鐵咖啡三合一, 12g, 50入, 1盒",2,"Maxim T.O.P拿鐵咖啡, 30罐, 200ml",2,"鮮一杯 老舊金山拿鐵咖啡二合一, 12g, 50包, 1盒",2
咖啡拿鐵,7,"鮮一杯 老舊金山拿鐵咖啡二合一, 12g, 50包, 1盒",2,"盛香珍 拿鐵咖啡脆捲, 210g, 3盒",2,"鮮一杯 老舊金山拿鐵咖啡三合一, 12g, 50入, 5盒",2
咖啡拿鐵,8,"GEORGIA 喬亞 滴濾拿鐵咖啡, 350ml, 48瓶",2,"貝納頌 拿鐵咖啡, 210ml, 24罐",2,"鮮一杯 3合1拿鐵咖啡, 240g, 4盒",2
咖啡拿鐵,9,"KANU 漸層奶香雙拿鐵咖啡, 13.5g, 10條, 1盒",2,"盛香珍 拿鐵咖啡脆捲, 210g, 4盒",2,"a cafe la 榛果美式冰咖啡隨身包, 230ml, 20包",2
咖啡拿鐵,10,"NESCAFE 雀巢咖啡 Dolce Gusto 多趣酷思 星巴克拿鐵咖啡膠囊 咖啡5.5g 6顆 + 牛奶16g 6顆, 3盒, 129g",2,"Binggrae 咖啡, 香草拿鐵, 240ml, 6瓶",2,"鮮一杯 老舊金山二合一拿鐵咖啡, 20g, 12包, 6盒",2
噴霧分裝瓶,1,"MEKO 不透光分裝噴槍瓶 200ml, 白色, 2瓶",2,"噴霧分裝瓶 80ml, 混色, 1個",2,"噴霧分裝瓶 80ml, 混色, 1個",2
噴霧分裝瓶,2,"MEKO 不透光分裝噴瓶 60ml, 白色, 3個",2,"噴霧分裝瓶, 黑色噴頭, 10入",2,"噴霧分裝瓶, 棕色瓶子, 20入",2
噴霧分裝瓶,3,"台灣 COSMOS 噴瓶 200ml #JM174, 透明色, 3個",2,"噴霧分裝瓶, 白色噴頭, 30入",2,"噴霧分裝瓶, 棕色瓶子, 50入",2
噴霧分裝瓶,4,"台灣 COSMOS PE噴槍瓶 50ml, 透明色, 3個",2,"噴霧分裝瓶, 白色噴頭, 60入",2,"化妝品分裝噴霧瓶 100ml, 透明度, 2件",2
噴霧分裝瓶,5,"MEKO 啞光分裝噴瓶 60ml, 3個",2,"噴霧分裝瓶, 白色噴頭, 20入",2,"素色香水噴霧分裝瓶 8ml, 1個, 深紅",2
噴霧分裝瓶,6,"MEKO 啞光分裝長嘴噴瓶 100ml, 3個",2,"噴霧分裝瓶, 透明噴頭, 10入",2,"鋁製噴霧式分裝瓶 30ml, 黑色, 4瓶",2
噴霧分裝瓶,7,"MEKO 不透光分裝噴槍瓶 500ml, 2個",2,"噴霧分裝瓶, 白色噴頭, 50入",2,"化妝品按壓分裝噴霧瓶 20ml, 白色的, 10個",2
噴霧分裝瓶,8,"台灣 COSMOS PE不透光噴槍瓶 #318WT 100ml, 3個",2,"噴霧分裝瓶, 白色噴頭, 40入",2,"鋁製噴霧式分裝瓶 30ml, 白色, 6瓶",2
噴霧分裝瓶,9,"台灣 COSMOS 噴瓶 200ml #JM174, 透明色, 4個",2,"CHILSUNG 噴霧分裝瓶 50ml, 混色, 4入",2,"噴霧瓶, 5入",2
噴霧分裝瓶,10,"MEKO 不透光分裝噴槍瓶 200ml, 白色, 3瓶",2,"噴霧分裝瓶, 棕色瓶子, 30入",2,"按壓式噴霧瓶, 白色透明, 1個",2
囊面膜,1,"SEXYLOOK 西西露 超級仙人掌保濕面膜 膠囊安瓶1.5ml*3瓶+面膜26ml*3片, 1盒",2,"VELLA 蛋白質膠囊睡眠面膜, 2ml, 10個",2,"3天保濕精華面膜, 5入, 5個",2
囊面膜,2,"DEWYCEL 帝依聖 7提拉緊緻面膜 16g, 4片, 1盒",2,"DERMA:EL 提亮面膜+舒緩護理面膜, 10套, 1入",2,"3天保濕精華面膜, 5入, 3個",2
囊面膜,3,"SEXYLOOK 西西露 超級仙人掌亮白面膜 膠囊安瓶1.5ml*3+面膜26ml*3, 1盒",2,"VT COSMETICS Progloss黃金蜂蜜精華膠囊面膜, 1盒, 10入",2,Mestocosti 面膜類型睡眠面膜花粉色,2
囊面膜,4,"d'Alba 保濕面膜精華12片*2盒+贈品包4ml*3包, 1組",2,"Unkown 低分子玻尿酸1%原液 250ml 3入+膠囊面膜紙 30入, 1套",2,"KWAILNARA 綠茶面膜 20入+菜籽蜂蜜面膜 20入 + 火山灰面膜 20入+蘆薈面膜 40入, 1套",2
囊面膜,5,"d'Alba 白松露鎮靜補水雙效面膜, 4片, 1盒",2,"NEURADERM 緊緻面膜 片狀面膜, 5片, 1盒",2,"緊緻亮白保濕面膜, 1件, 101入",2
囊面膜,6,"VT COSMETICS Super Hyalon 超級玻尿酸保濕膠囊面膜, 7.5g, 10個, 1盒",2,"保濕護理面膜, 1個, 1個",2,"保濕精華面膜, 4件, 1個",2
囊面膜,7,"ISOI 伊所愛 保加利亞玫瑰淡斑修護面膜組, 10片, 20ml, 1盒",2,"舒緩保濕面膜, 1個, 5入",2,"3天保濕精華面膜, 5入, 2個",2
囊面膜,8,"WELLAGE 唯拉珠 真正的透明質酸藍色安瓶面膜, 5個, 1入",2,"保濕面膜 30ml, 1個, 8入",2,"Silcot 絲花 亮膚面膜面膜 30ml, 6個, 10入",2
囊面膜,9,"WELLAGE 唯拉珠 玻尿酸安瓶面膜, 1片, 10片",2,"護理精華面膜, 5片, 1盒",2,"緊緻紫色面膜, 8克, 1個",2
囊面膜,10,"Masking 膜靚 肌優人氣面膜 1號套組, 1組",2,"深層保濕面膜, 5片, 2盒",2,"保濕舒緩面膜 25ml 5入+彈性亮白面膜組 25ml 5入, 1套",2
四驅動力,1,"STANLEY Jr. 組裝工程車 002-SY, 鏟土機, 1個",2,,2,"TAMIYA 英倫復古四驅車+馬達電池, 混色, 1套",2
四驅動力,2,"Ebisu DiAMOND 機械安裝準確水平器, 1個",2,,2,"電動兩用驅動器 MT-6150E, 1個",2
四驅動力,3,"8IN1 驅動器套件 AKISD0901, 1組",2,,2,"英雄隱形雙向驅動器 6 x 150, 1個",2
四驅動力,4,"ALLIED GROUP 機械套筒組 40 種, 1個",2,,2,"MITO 電動兩用驅動器 MT-6100E, 1個",2
四驅動力,5,"Danong 驅動器組件類型絲錐適配器 3064, 1個, 原廠產品(不含電池)",2,,2,"通用驅動套件, 1套",2
四驅動力,6,"HANDY MAN 精密驅動器位組 23p, 1套",2,,2,"簡單的精密鋁驅動器套件, 1套",2
四驅動力,7,"Koken 1/2SQ 衝擊萬向節 14770-B, 1個",2,,2,"VESSEL 星驅動器5400TX T30H-120, 1個",2
四驅動力,8,"HANSUWI 多用途替換迷你螺絲刀工具套組, driver套裝",2,,2,"60in1 多驅動組, 1套",2
四驅動力,9,"Koken 球型連桿 PK3763 6款組, 1套",2,,2,"VESSEL 星驅動器5400TX T20H-120, 1個",2
四驅動力,10,"Koken 1/2SQ 12 件套長插座 10 種 + 導軌組 RS4305A/10, 1套",2,,2,"VESSEL 哈克驅動器 100 6- 6 x 100 毫米, 1個",2
垃圾桶,1,"Nature Living 踏板按壓兩用垃圾桶, 灰色",2,"多功能垃圾桶 白色, 1個",2,"簡約風格造型垃圾桶, 藍色, 1個",2
垃圾桶,2,"FAmILyLIFE 生活 雙面掀蓋夾縫型直立 吊掛2用垃圾桶 YG-109, 白色",2,"多功能垃圾桶 藍色, 1個",2,"簡約風格橢圓形垃圾桶, 綠色, 1個",2
垃圾桶,3,"現代風感應式垃圾桶, 霧藍色, 16L, 1個",2,"迷你垃圾桶, 白色的, 2個",2,"簡約橢圓形無蓋垃圾桶, 藍色, 1個",2
垃圾桶,4,"NATURE LIVING 踏板按壓兩用垃圾桶, 米色",2,"簡約垃圾桶, 白色的, 1個",2,"簡約風格橢圓形垃圾桶, 1個, 白色",2
垃圾桶,5,"Comet Home觸摸垃圾桶10L, 白色, 1個",2,"簡約垃圾桶 8L, 黑色（垃圾桶），白色 M（標誌）, 1個",2,"多用途翻蓋式垃圾桶, 橘子, 1個",2
垃圾桶,6,"Nature Living 可摺疊式分類回收箱 3個, 粉色 + 墨綠色 + 灰色",2,"迷你垃圾桶, 粉色的, 2個",2,"簡約風格雙色圓形垃圾桶, 綠色 棕色, 1 個",2
垃圾桶,7,"西格傢飾 現代風感應式垃圾桶, 灰白色",2,"車用垃圾桶, 黑色, 1個",2,"簡約風格搖蓋式垃圾桶 8L, 棕色的, 1個",2
垃圾桶,8,"SHABATH Scandina字樣 圓形開口式垃圾桶, 灰色",2,"垃圾桶 10L, 粉色的",2,"歐式風格垃圾桶, 卡其色, 2個",2
垃圾桶,9,"不鏽鋼腳踏式垃圾桶 20L, 銀色",2,"多功能掛式垃圾桶, 白色的",2,"簡約圓形垃圾桶 L號, 藍色, 1個",2
垃圾桶,10,"FAmILyLIFE 生活 15L 簡約風彈蓋垃圾桶, 白色",2,"多功能迷你垃圾桶, 粉色的, 1個",2,"簡約圓形垃圾桶 S號, 綠色, 1個",2
壁掛碟盤架,1,"Living Soop 可調寬度置盤架 33.5cm*13cm*10.5cm, 白色, 1個",2,"Living Core 盤架, 單色",2,"壁掛式不鏽鋼廚房收納碗碟架, 混色",2
壁掛碟盤架,2,"Block Mart 立式款餐盤鍋蓋放置架 白色, 2件",2,"可變盤架, 金子",2,"多功能壁掛式儲物架, 橄欖",2
壁掛碟盤架,3,"ENEX 壁掛式單層廚房碗盤架, 1組",2,"Yamazaki 碗盤架, 單色",2,"壁掛式廚房儲物架, 銀A",2
壁掛碟盤架,4,"MONACO OLIVE 壁掛式碗盤瀝水架+密封固定膠, 混色",2,"1層壁掛式盤架, 金子",2,"壁掛式置物架 粉色, 1個",2
壁掛碟盤架,5,"ENEX 壁掛式單層廚房碗盤架, 鍍鉻拋光 黑色",2,"honey can do 盤架, 白色的",2,"書架鄉村墻盤掛架, 白色, 1件",2
壁掛碟盤架,6,"1層壁掛式盤架, 金子",2,"iDESIGN 氧化鋁皂碟皂碟, 1個, 金屬的",2,"3合1壁掛式儲物架, 白色",2
壁掛碟盤架,7,"MONACO OLIVE 雙層壁掛式碗盤瀝水架, 黑色的",2,"iDESIGN Haley 肥皂碟 肥皂碟, 1個, 透明+金屬",2,"壁掛式廚房壁架 DD050, 單色, 一層",2
壁掛碟盤架,8,"HANSSEM 懸吊式收納架, 白色",2,"iDESIGN Pombu 肥皂碟 肥皂碟, 1個, 自然+透明",2,"多功能壁掛式儲物架, 象牙",2
壁掛碟盤架,9,"stopia 壁掛式不鏽鋼瀝水碗盤架, 1 個",2,"ENEX 掛勾式碗盤架, 黑色的",2,"單層壁掛式收納盤 A L19, 1個",2
壁掛碟盤架,10,"STA AMI 吊掛式餐盤架, 單色",2,"壁掛浴室鞋架 藍色, 1個",2,"法式3孔壁式掛架, 單色",2
壁掛鞋架,1,"FAmILyLIFE 生活 航太鋁50公分無痕壁掛式鞋架 無痕貼款 A-261-BK 50 x 6.5 x 8.4cm 100g, 極簡黑, 1個",2,"壁掛浴室鞋架 藍色, 1個",2,"免打孔壁掛式鞋架 RC-765 藍色, 5個",2
壁掛鞋架,2,"FAmILyLIFE 生活 航太鋁30公分無痕壁掛式鞋架 無痕貼款, 簡約白, 1個",2,"壁掛浴室鞋架 粉色, 1個",2,"ANTS 壁掛式簡易鞋架 藍色, 1個",2
壁掛鞋架,3,"MONACO OLIVE 免打孔壁掛式拖鞋架 灰色, 1個",2,"壁掛旋轉鞋架 灰色, 5個",2,"壁掛式拖鞋架, 深藍色, 3入",2
壁掛鞋架,4,"Yehome 壁掛式鞋架拖鞋鞋收納盒, 單色, 2個",2,"鞋架 鞋架 黑色, 1個",2,"EVER HOUSE 壁掛式鞋架 27.5cm*9.5cm, 3個, 白色的",2
壁掛鞋架,5,"FAmILyLIFE 生活 航太鋁 70公分無痕壁掛式鞋架 無痕貼款, 極簡黑, 1個",2,"鞋架 3, 4個",2,"壁掛式浴室鞋架, 黑色的, 1個",2
壁掛鞋架,6,"優木衛浴拖鞋掛架壁掛式, 象牙白, 1個",2,"裂縫壁掛浴室鞋烘乾室內鞋架白色, 1個",2,"brwd 壁掛式鞋拖鞋架收納盒, 白色的",2
壁掛鞋架,7,"FAmILyLIFE 生活 航太鋁50公分無痕壁掛式鞋架 無痕貼款 A261-W 50 x 6.5 x 8.4cm 100g, 簡約白, 1個",2,"裂縫壁掛浴室鞋烘乾室內鞋架黑色, 1個",2,"Yehome 壁掛式鞋架拖鞋鞋收納盒, 單色, 2個",2
壁掛鞋架,8,"FAmILyLIFE 生活 航太鋁30公分無痕壁掛式鞋架 無痕貼款, 極簡黑, 1個",2,"5層鞋架, 1個",2,"可調收納鞋架, 8個, 粉色",2
壁掛鞋架,9,"免打孔黏貼式多功能壁掛收納鞋架 C款, 單一顏色, 1入",2,"3層鞋架, 2個",2,"可調整高度收納鞋架 粉色 2入, 1個",2
壁掛鞋架,10,"FAmILyLIFE 生活 航太鋁 70公分無痕壁掛式鞋架 無痕貼款, 簡約白, 1個",2,"Bandideco室內鞋架鞋架, 1個, 白色的",2,"可調整高度收納鞋架 綠色 2入, 1個",2
寶寶背帶,1,"Gabesy 嘉貝星 嬰兒背巾豪華款12種背法, 牛仔藍, 1個",2,"護肩帶 黑色, 1個",2,"YM Mama 嬰兒背帶套 適合所有季節, 灰色",2
寶寶背帶,2,"GOOSEKET 嬰兒素色背帶, 黑色",2,"護肩帶 灰色, 1個",2,Babyism 熊/兔嬰兒背帶,2
寶寶背帶,3,"nac nac 腰凳式減壓嬰兒揹帶, 睿智藍, 1個",2,"護肩帶 黑色, 2個",2,"mom's bebe 小熊圖案嬰兒背帶 7分款, 棕色",2
寶寶背帶,4,"Konny 夏季嬰兒背巾 附束帶 + 環保收納袋, 黑色",2,"nawanis 綁帶型揹帶, 灰色兔子款",2,"夏季嬰兒背帶套, ATB UV+功能米色",2
寶寶背帶,5,"YODA 優的寶貝 儲物座椅式揹帶 透氣款 550g, 碧湖藍, 1個",2,"JOY MULTI 攜帶式吊帶揹帶, 海軍藍(粉色)",2,"GOOSEKET 嬰兒素色背帶, 薄荷綠",2
寶寶背帶,6,"Born Boon 孩童輕巧坐墊式斜揹帶, 黑色",2,"JOY MULTI 攜帶式吊帶揹帶, 豌豆款",2,"適合所有季節的嬰兒背帶套, 黑色",2
寶寶背帶,7,"PUKU 藍色企鵝 Lite多功能環抱背巾, 藍色, 1個",2,"JOY MULTI 攜帶式吊帶揹帶, 海軍藍(天藍色)",2,"Konny 透氣網眼嬰兒背帶, 米色",2
寶寶背帶,8,"Gabesy 嘉貝星 嬰兒背巾豪華款12種背法, 水晶粉, 1個",2,"JOY MULTI 攜帶式格紋高級吊帶揹帶, 棕色",2,"GOOSEKET 嬰兒素色背帶, 黑色",2
寶寶背帶,9,"Konny 夏季嬰兒背巾 附束帶 + 環保收納袋, 木炭灰",2,"FaSoLa 鏤空扣帶 魔術貼錶帶 灰色 5m, 1個",2,"Cony 新款 Flex 尺寸可調節嬰兒背帶, 炭灰色",2
寶寶背帶,10,"PUKU 藍色企鵝 Triple + 三合一全方位腰凳揹巾 15kg, 銀灰色",2,"i-MATE 帶扣式環形束帶 隨機出貨, 隨機顏色, 10個",2,"ergobaby 全階段四式透氣嬰兒背帶, 石墨灰, 1個",2
帽子掛鉤,1,"Comet Home 帽子收納掛鉤, Clova White, 2件",2,"帽子掛鉤衣架, 白色, 1組",2,"帽子收納掛勾 5入, 綠色, 1個",2
帽子掛鉤,2,"comet 居家門後掛勾 10勾, 混色, 1入, 衣架",2,"帽子掛鉤衣架, 白色, 2組",2,"帽子收納掛勾, 白色 灰色, 5個",2
帽子掛鉤,3,"Comet Home 帽子收納掛鉤, 黑色, 2件",2,"包 帽子 掛鉤 拱形 衣架, 白色的, 1個",2,"comet 家用帽子收納掛鉤, 白色, 1入",2
帽子掛鉤,4,"comet 居家門後掛勾 10勾 47 x 23 x 4.3cm, 1個",2,"Shopping Joy 空間利用帽子掛架 2ea + 透明掛鉤, 橙色（帽子衣架）, 1套",2,"帽子掛鉤衣架, 黑色, 2組",2
帽子掛鉤,5,"comet 家用帽子收納掛鉤, 白色, 1入",2,"雲牆掛鉤掛鉤, 混色, 1個",2,"帽子掛鉤衣架, 白色, 1組",2
帽子掛鉤,6,"comet 帽子收納架, 白色, 2個",2,"所有商品玩具模型掛鉤圍裙袋帽子掛鉤 3 件套, 黃色+藍色+粉色, 1套",2,"掛鉤式帽架, 單色, 1個",2
帽子掛鉤,7,"Happy J 衣架式多功能帽子衣架, 2灰色, 2個",2,"掛牆 手提包 包 帽子 衣架 掛鉤, 1個, 白色設計 2",2,"掛鉤式帽鉤衣架套組, 混色, 1組",2
帽子掛鉤,8,"Market Plan Slim Wire 帽子收納衣架, 1個, 黑色",2,"掛牆 手提包 包 帽子 衣架 掛鉤, 1個, 白色設計 1",2,"輕快風格多用途全能掛鉤掛鉤掛鉤支架附件類型 4p, 白色, 1組",2
帽子掛鉤,9,"Comet 門掛式衣架, 白色, 1個, 門後掛鉤",2,"掛牆 手提包 包 帽子 衣架 掛鉤, 1個, 白色設計 3",2,"多功能掛鉤, 3入, 03 綠色",2
帽子掛鉤,10,"Green Bell 綠貝 304無痕三連掛勾, 1個",2,"帽子收納架, 6個, 粉色",2,"高度可調多用途掛鉤, 單品, 1個",2
彈力霜,1,"Easydew 亮白緊緻潤膚霜, 50ml, 2個",2,"TOPCLASS 提升彈力霜, 100ml, 1個",2,"LANCOME 蘭蔻 Renergy 多重提拉緊緻提拉霜 SPF15, 1個, 50ml",2
彈力霜,2,"APLB 抗衰老重啟營養霜, 70ml, 1罐",2,"VIBAS Biome膠原蛋白彈力霜, 1個",2,"7胜肽亮白護理撫紋霜, 1入",2
彈力霜,3,"MISSHA 初拱辰 Geumsul 沙蔘緊緻亮顏霜, 60ml, 2罐",2,"VIBAS Biome膠原蛋白彈力霜, 2個",2,"撫紋彈力面霜, 80ml, 1入",2
彈力霜,4,"AHC 逆齡保養面霜, 50ml, 1罐",2,"VIBAS Biome膠原蛋白彈力霜, 3個",2,"LANCOME 蘭蔻 撫紋晚霜, 1個, 30ml",2
彈力霜,5,"TONYMOLY Premium RX 奢華燕窩黃金滋潤面霜, 45ml, 1罐",2,"VIBAS Biome膠原蛋白彈力霜, 4個",2,"胜肽7護理霜, 1入",2
彈力霜,6,"TONYMOLY Wonder 神經醯胺滋潤保濕霜, 300ml, 1罐",2,"THEPIU 彈力緊緻霜, 50ml, 1入",2,"格蕾絲日蝸牛霜, 50ml, 4個",2
彈力霜,7,"AHC Supreme Real極致彈力全臉眼霜, 30ml, 2個",2,"VIBAS Biome膠原蛋白彈力霜, 6個",2,"crazy skin 牛奶提亮霜, 300g, 混色, 1瓶",2
彈力霜,8,"RAVIEL 針葉櫻桃撫紋亮白霜, 50ml, 1條",2,"VIBAS Biome膠原蛋白彈力霜, 5個",2,"LANEIGE 蘭芝 完美新生賦活乳霜, 50ml, 1罐",2
彈力霜,9,"TONYMOLY Wonder 水潤保濕霜, 300ml, 1罐",2,"TOPCLASS 皇家強化彈力霜, 2個, 50ml",2,"YONKA 男士抗皺保濕凝霜, 1個, 40ml",2
彈力霜,10,"TONYMOLY 綠茶保濕霜, 100ml, 1罐",2,"HYGGEE 彈力賦活護理霜, 50ml, 1個",2,"玻尿酸保濕霜, 50ml, 1入",2
手作花,1,"信誼 巧手編織器, 形狀篇, 1盒",2,,2,"聽花紙花DIY製作3朵玫瑰套組b10, 一個",2
手作花,2,"HAPPY BEARS HANDIS 長方形手工皮革標籤, 深棕色, 8件",2,,2,"聽花紙花DIY製作3朵玫瑰套組b10, D",2
手作花,3,"2Youngdesign DIY12款奶油膠手工裝飾材料包 14歲以上, 款式隨機, 1組",2,,2,"手作刺繡DIY組 20cm, 1套, 向日葵田 (n63)",2
手作花,4,"5 種手工標籤 x 4p 套裝 1 標籤, 淺米色、芥末色、駝色、灰色、薄荷天空色, 1組",2,,2,"聽花紙花DIY套組b1, 紫色的",2
手作花,5,"STUPID 裝飾玫瑰 50入, 1組",2,,2,"聽花紙花DIY製作套組b12, D",2
手作花,6,"Uniart 扇子手作組, 西瓜波, 10套",2,,2,"繡球花人工花束 2p, 粉色的",2
手作花,7,"2Youngdesign DIY手作裝飾組, 隨機出貨, 1組",2,,2,【快樂設計】小作坊韓吉花春花,2
手作花,8,"Kohas iD 刺繡手工標籤, 巧克力棕色, 20件",2,,2,"ARTJOY DIY繪畫畫作 40*30cm, 陽光的花瓶",2
手作花,9,"如何製作Uniart Samogwandae DIY638, 混色, 10個",2,,2,"人造玫瑰花束, 粉色的",2
手作花,10,"Uniart 康乃馨手機製作套組, 混色, 10套",2,,2,"手作刺繡DIY組 20cm, 1套, 花鹿 (n53)",2
指震環,1,"O 型環套件, 銀, 1組",2,,2,"智能指環指法架, 黑色, 3個",2
指震環,2,"Black-Bull 磁化環MAG-1, 1個, 主商品",2,,2,"momostick 智能手機指環, 透明玫瑰金, 1個",2
指震環,3,"SINJIMORU 智能戒指 Ringo 迷你支架, 金屬黑, 1個",2,,2,"momostick 智能手機指環, 黑色牛仔布, 1個",2
指震環,4,"SINJIMORU 可拆卸 Ringo 智能戒指手機支架, 1個, 香檳金",2,,2,"momostick 智能手機指環, 海軍藍牛仔布, 1個",2
指震環,5,"HOME RIMIUM 復古優質手機指環扣, 1個, 金幣",2,,2,"三指震動, 透明黑色, 1個",2
指震環,6,"TELESIN 磁力凸輪頸掛式, 1個, 360度清晰度",2,,2,"LOVEDOLL 大拇指環震動+12檔雙高速彩蛋隨機出貨, 混色, 1套",2
指震環,7,"Galaxy z翻轉環彈簧錶帶超, 單色, 2個",2,,2,"momostick 智能手機指環, 黑色的熊, 1個",2
指震環,8,"D 形環 15mm, 10個, 古董金",2,,2,"momostick 智能指環手機支架手指夾 + 夾子 2p, 摩羯座, 1套",2
指震環,9,"包多用途指環（Carabandits）, 黃色, 藍色, 灰色",2,,2,"ARMS 指環王 1 2p, 單色, 1套",2
指震環,10,"BabolaT 握把訂製環, 10入",2,,2,"MERCURY 黏貼型指環手機支架, 亮粉色, 2件",2
收納整理袋,1,BASE ALPHA ESSENTIALS 旅行袋組 網狀袋*1個+拉鍊袋*3個+束口袋*1個,2,"收納整理籃 S號, 白色",2,"TCR 快速整理收納袋, 灰粉色, 1個",2
收納整理袋,2,MARCO POLO 旅行收納袋8件組 MP5050,2,"手提衣物棉被收納整理袋, 中, 米色",2,"壁掛式3層整理收納袋 象牙白色, 象牙白, 1個",2
收納整理袋,3,"OMORY 全功能標記收拾 繽紛海洋萬用收納袋, 漾綠色, 1個",2,"床底衣物收納整理箱, 混色, 1個",2,"TCR 快速整理收納袋, 灰色的天空, 1個",2
收納整理袋,4,comet 旅行收納袋8件組,2,"床底棉被收納整理箱, 混色, 1個",2,"清潔格子提手移動多用途收納袋 M, 暖灰色, 1個",2
收納整理袋,5,"百特兔 大容量防水牛津布收納袋 72L, 單色, 1個",2,"床底收納整理箱, 半透明, 2個",2,"簡約網狀收納袋綠色, 2個",2
收納整理袋,6,"百特兔 棉麻棉被整理袋, 1入, 1個",2,"床底收納整理箱, 基本款, 2個",2,"間約風格不織布收納袋 1號+2號+3號, 1套",2
收納整理袋,7,"comet 衣物壓縮袋, 4個, 1組",2,"床底收納整理箱, 基本型, 2個",2,簡約網眼收納袋 2入,2
收納整理袋,8,BASE ALPHA ESSENTIALS 旅行袋組,2,"honey can do 收納袋 收納整理, 2件",2,"多用途收納袋 23*15.5cm 4入組, 2組, 條紋混合",2
收納整理袋,9,DOSSY 旅行壓縮收納包組,2,"JNC 衣物收納整理箱 53L, 單色, 1入",2,多用途透明亮面收納袋,2
收納整理袋,10,"Skater 餐具收納袋 21 x 10.5cm, Hello Kitty, 1個",2,"aryko PVC防水被子被套衣服收納整理袋防滑熊, 2件",2,"日常朋友多用途透明收納袋半開放式基本款, 1個, 透明",2
收納筐,1,"NATURE LIVING 藤編收納籃 M號 26*17*16cm, 1個",2,"可折疊束口收納筐, 粉色的, 1個",2,"Daiso 花式迷你籃筐（49326）, 5 個, 綠色",2
收納筐,2,"NATURE LIVING 藤編收納籃 M號 26*17*16cm, 1個",2,"可折疊束口收納筐, 黃色的, 1個",2,"青年小號北歐布藝大籃筐, 1個, 白色 粉色",2
收納筐,3,"ANTS 置物收納籃, 藍色, 2個",2,"可折疊圓形束口收納筐, 粉色的, 1個",2,"Leon tidy 多用途折疊籃筐小, 灰色, 1個",2
收納筐,4,"MARKET B 摺疊收納籃 18L, 兩色米色, 1個",2,"青少年小塑料收納筐筐子Ｍ尺寸, 單一顏色, 3個",2,"可折疊圓形束口收納筐, 粉色的, 1個",2
收納筐,5,"CASAMARU 內衣收納盒組, 象牙白, 1組",2,,2,"可折疊束口收納筐, 粉色的, 1個",2
收納筐,6,"Casamaru 內衣收納盒組, 象牙白, 1組",2,,2,"鏤空收納籃子 灰色 L號, 2個",2
收納筐,7,"CASAMARU 內衣收納盒組, 灰色, 1組",2,,2,"多功能儲物收納籃 灰色 M Z01, 2個",2
收納筐,8,"comet Home 衣物整理盒, 2個, 單一顏色",2,,2,"多功能收納籃 L號, 檢查灰色, 1個",2
收納筐,9,"多層收納盒 粉紅色 34*21.6*15.2cm, 1個",2,,2,"iDESIGN Classico 可堆疊籃筐 20.3 x 25.4 x 19.7cm, 1個, 啞光黑",2
收納筐,10,"MYWONY 15格矽膠襪子分隔收納箱附蓋 灰色, 1個",2,,2,"北歐圓形鐵筐小號, 深藍色, 1個",2
敏感牙刷,1,"SENSODYNE 舒酸定 潔淨清新 抗敏軟毛牙刷 顏色隨機, 3支, 2組",2,"敏感牙刷4件套裝, 2組",2,"敏感牙刷4件套裝, 6組",2
敏感牙刷,2,"Colgate 高露潔 高密細絲護齦牙刷 顏色隨機, 3支",2,"敏感牙刷4件套裝, 3組",2,"敏感牙刷4件套裝, 3組",2
敏感牙刷,3,"SENSODYNE 舒酸定 深層潔淨 抗敏纖柔毛牙刷, 3支, 2組",2,"敏感牙刷4件套裝, 6組",2,"敏感牙刷4件套裝, 2組",2
敏感牙刷,4,"SENSODYNE 舒酸定 專業修復抗敏牙刷 超軟毛 顏色隨機, 3支, 1組",2,"敏感牙刷4件套裝, 5組",2,"LG 敏感超細牙刷, 6入, 5個",2
敏感牙刷,5,"REACH 麗奇 14°牙周對策牙刷 敏感專用軟毛 顏色隨機, 3支",2,"LG 敏感超細牙刷, 6入, 1個",2,"LG 敏感超細牙刷, 6入, 3個",2
敏感牙刷,6,"SENSODYNE 舒酸定 深層潔淨 抗敏纖柔毛牙刷, 3支, 1組",2,"敏感牙刷4件套裝, 4組",2,"LG 敏感超細牙刷, 6入, 6個",2
敏感牙刷,7,"Colgate 高露潔 高密細絲護齦牙刷 顏色隨機, 6支",2,"LG 敏感超細牙刷, 6入, 2個",2,"LG 敏感超細牙刷, 6入, 4個",2
敏感牙刷,8,"SENSODYNE 舒酸定 專業修復抗敏牙刷 超軟毛 顏色隨機, 3支, 3組",2,"LG 敏感超細牙刷, 6入, 3個",2,"微笑牙科通用型敏感全細頭牙刷, 1入, 40個",2
敏感牙刷,9,"Skater TOTORO 小學生用牙刷 附蓋, 3支, 1組",2,"LG 敏感超細牙刷, 6入, 4個",2,"微笑牙科通用型敏感全細頭牙刷, 1入, 30個",2
敏感牙刷,10,"SENSODYNE 舒酸定 深層潔淨抗敏纖柔毛牙刷, 2支",2,"LG 敏感超細牙刷, 6入, 5個",2,"微笑牙科通用型敏感全細頭牙刷, 1入, 20個",2
散熱設,1,"E-books C1 薄型筆電散熱底座, E-PCH193, 1個",2,,2,"鋁製散熱器 藍色, 691",2
散熱設,2,"ESENSE 逸盛 E-C11 冷光五風扇筆電散熱墊 22-WNF011BK 380 x 290 x 32mm, 黑色",2,,2,"AONE ReadCool RH-1 ARGB 內存散熱器黑色 4p + 控制器電纜組, 1套",2
散熱設,3,"Home Planet 筆記型電腦金屬散熱支架, 黑色",2,,2,"Coms 主機散熱器鋁 37*38*24mm 金色, BD064",2
散熱設,4,"JOYTRON 手機用散熱器, 風冷38, 1個",2,,2,"AONE ReadCool ARGB 內存散熱器, RH-1 EVO（白色）",2
散熱設,5,"Leto 鐵製雙風扇電風扇散熱架 LCS-S01, 黑色",2,,2,"Comtu 散熱器 藍色, 1個",2
散熱設,6,"攜帶式筆電支架+散熱風扇, 支架（灰色）、冷卻風扇（灰色）",2,,2,AONE 一體式散熱器 STORM 15-LED 120 紅色,2
散熱設,7,"Earlybot 筆記本電腦散熱器 K8 PRO, 黑色",2,,2,"ID-COOLING 散熱器 WF-12025-XT CPU 綠色, 單品",2
散熱設,8,"麗格小達桌上型散熱風扇, F1",2,,2,"ID-COOLING 彩虹CPU散熱器 DK-03, 單品",2
散熱設,9,"ABKO NCORE 筆記本散熱墊支架 NC30, 混色",2,,2,"AONE 120 LED WHITE系統散熱器黑色, 單品",2
散熱設,10,"3RSYS CPU 散熱器 Socool RC410 ARGB, 索酷 RC410 ARGB",2,,2,"ID-COOLING CPU散熱器, SE-224-XT",2
整蒜,1,"CHEF'S CHOICE 美味大師 大蒜麵包醬 強蒜味, 470g, 1罐",2,,2,"TTF 整個黑蒜, 2個, 500g",2
整蒜,2,"黑蒜將軍 去皮黑蒜仁, 150g, 1罐",2,,2,"蒜頭保健丸, 1包, 600g",2
整蒜,3,"龍宏 蒜頭辣椒, 380g, 1罐",2,,2,"THAI CHOICE 泰式精選蒜泥, 110克, 1個",2
整蒜,4,"DoGa 香酥蒜粒, 30g, 1包",2,,2,"黑蒜頭, 200g, 2包",2
整蒜,5,"小磨坊 香蒜粒, 1kg, 1包",2,,2,"Cheongang 發酵黑蒜頭, 300g, 1個",2
整蒜,6,"GENIAL 蒜蓉, 銀色, 1個",2,,2,"GGOMI 手動蒜泥器, 混色, 1個",2
整蒜,7,"DoGa 香酥蒜粒, 30g, 2包",2,,2,"Kyolic 陳蒜萃取膠囊, 2罐, 300顆",2
整蒜,8,"多功能大蒜切碎機, 1個, 綠色",2,,2,"Jamie Oliver 壓蒜器, 1個, 銀",2
整蒜,9,"CHUNG WOO FOOD 大蒜醬油, 1.05kg, 1罐",2,,2,"Saetbyeol 丹陽黑蒜 整粒黑蒜, 1罐, 1kg",2
整蒜,10,"DoGa 香酥蒜粒, 30g, 3包",2,,2,"黑蒜將軍 養生黑蒜頭, 200g, 1包",2
斑,1,"WONJIN EFFECT 淡斑美白精華, 50g, 1瓶",2,"Cat 多用途掛鉤衣架, 1個, 斑",2,"RUBY REEF 觀賞魚白斑病藥劑, 1個, 1L",2
斑,2,"ISOI 淡斑護理精華 25ml+緊緻眼部濃縮精華 3ml 2入, 1組",2,"NINSHOP 多功能收納盒 66L, 2個, 斑",2,"So Natural 黃色 Cica 斑點粉, 17ml, 3個",2
斑,3,"PAUL MEDISON Biome 魚腥草斑安瓶, 1個, 30ml",2,"Ninshop 多用途整理盒, 4個, 斑",2,"Carcass 優質斑馬銼套裝斑馬 3 種 + 緩衝 3 向光學銼 + 砂磨塊 + 木棒 10p, 3種斑馬+3向墊+光學銼刀+砂磨塊+10根木棍, 6組",2
斑,4,"Natural Derma Project 積雪草斑霜, 18ml, 1個",2,"Ninshop 多用途整理盒, 6個, 斑",2,"PARTYHAE 發光斑塊, 6個, 心",2
斑,5,"Isoi 淡斑護理斑點 25ml + 眼部濃縮液 3ml x 2p, 3組",2,"IPKN MEN 去斑遮瑕膏, 單色, 1個",2,"ZEBRA 斑馬 DelGuard 斑馬銳 MAS85 藍色, 0.7mm, 1個",2
斑,6,"RAVIEL 針葉櫻桃撫紋亮白霜, 50ml, 1條",2,"ECODY 圖案隔熱墊, 斑",2,"ZEBRA 斑馬 DelGuard 斑馬 動物 鋒利 紫羅蘭, 0.5mm, 1個",2
斑,7,"妙管家 彩色漂白水 補充包 麝香香味, 2000g, 2包",2,"Ninshop 多用途收納盒66L+100L套裝, 2組, 斑",2,"ZEBRA 斑馬 DelGuard 斑馬動物鋒利海軍藍, 0.5mm, 1個",2
斑,8,"妙管家 彩色漂白水 麝香香味, 2000g, 2瓶",2,"Ninshop 多用途收納盒66L+100L套裝, 3組, 斑",2,"So Natural 黃色 Cica 斑點粉, 17ml, 4個",2
斑,9,"Ciracle 淡化護理精華液, 16ml, 1入",2,"NINSHOP 多功能收納盒 66L + 100L 套組, 1套, 斑",2,"PARTYHAE 發光斑塊, 6個, 星星",2
斑,10,"妙管家 彩色漂白水 玫瑰花香 補充包, 2kg, 6包",2,"Bacchus 閃亮虎斑手柄套, 黑色",2,果味虎斑褲,2
旅行瓶,1,"台灣 COSMOS 輕旅行空瓶組 17*14cm, 2組",2,4合1智慧旅行瓶套裝，適合旅行,2,"旅行用便攜式空瓶組, 粉色, 2組",2
旅行瓶,2,"MEKO 不透光分裝噴槍瓶 200ml, 白色, 2瓶",2,旅行收納袋組,2,"旅行用便攜式空瓶組, 粉色的, 1套",2
旅行瓶,3,"台灣 COSMOS 旅行空瓶7件組, 粉紅色, 2組",2,旅行收納袋6件組,2,4合1智慧旅行瓶套裝，適合旅行,2
旅行瓶,4,"台灣 COSMOS 空瓶 #HY220A 200ml, 透明色, 3個",2,旅行收納袋 6件組,2,"Clickers 防漏矽膠旅行瓶 旅行空瓶 90ml 4P, 混色, 1組",2
旅行瓶,5,"台灣 COSMOS 壓瓶 #928C 75ml, 透明色, 3個",2,6 件組旅行收納袋,2,"多用途防漏旅行矽膠空瓶, 80ml, 4組",2
旅行瓶,6,"LION 獅王 Top 衣物去漬急救隨身瓶, 17ml, 2瓶",2,旅行用收納袋組,2,"7 件套旅行用空瓶, 8組, 白色",2
旅行瓶,7,"MEKO 不透光分裝噴瓶 60ml, 白色, 3個",2,"Clickers 防漏矽膠旅行瓶 旅行空瓶 90ml 4P, 混色, 1組",2,"7 件套旅行用空瓶, 8組, 粉色的",2
旅行瓶,8,"台灣 COSMOS 掀蓋瓶 #HY200A 200ml, 透明色, 3個",2,DM Corporation P 旅行多用途內衣旅行收納盒,2,"7 件套旅行用空瓶, 6組, 白色",2
旅行瓶,9,"MEKO 不透光分裝噴瓶 30ml, 3瓶",2,旅行收納袋 7件組,2,"7 件套旅行用空瓶, 10組, 粉色的",2
旅行瓶,10,"Green Bell 綠貝 透明感分裝按壓瓶, 2個",2,旅行用收納袋套組,2,"旅行化妝品分裝空瓶組, 單色, 1組",2
旋轉導風,1,"INSIDE EDITION 車用旋轉出風口手把, 黑色, 1個",2,"不鏽鋼旋轉環, 5入",2,"The Bella 自由角度可調壁掛式空調導風板風幕白色, 單品",2
旋轉導風,2,"旋轉風車手機支架, 1個, 薄荷",2,"usbee 旋鈕式計時器, 混色, 1個",2,"The Bella 高強度空調擋風板導流板風幕白色, 單品",2
旋轉導風,3,"Castle A型吉他架 ASD-001 混色, 1入",2,"壁掛式旋轉掛勾 5勾, 單色, 1個",2,"貝拉長度可調空調擋風板導流板, 1個, 白色的",2
旋轉導風,4,"MORUN 車用360度通風型旋轉支架, 1個, 單色",2,"E-PALACE 磁吸式廚房旋轉定時器, 銀, 1個",2,"180度旋轉空調擋風玻璃基本M, 白色的, 1個",2
旋轉導風,5,"Lapinere 轉盤電子擴香器 Terracotta LP 香水套件, 黑櫻桃, 1個",2,"不銹鋼工廠旋轉盤碟乾燥架 2 階段, 黑色",2,"導感捲軸, 風天空",2
旋轉導風,6,"汽車通風器 白色, 單品",2,"comet 首頁 防滑塗層旋轉裙褲架, 黑色, 20入",2,"180度旋轉的空調擋風玻璃穿孔M, 白色的, 1個",2
旋轉導風,7,"寬吉他金屬變調夾青銅, 1個",2,"comet 首頁 防滑塗層旋轉裙褲架, 藍色, 20入",2,"Shinil 信一 立式旋轉風扇, SIF-12PLS, 白+黑",2
旋轉導風,8,"寬吉他金屬變調夾銀, 1個",2,"DELI 5段式調節旋轉削鉛筆機, 棕色, 1個",2,旋轉直升機旋轉器,2
旋轉導風,9,"寬吉他金屬變調夾黑色, 1個",2,"INSIDE EDITION 車用旋轉出風口手把, 黑色, 1個",2,"CYTAC 任務導向板載體, 黑色, 1個",2
旋轉導風,10,"寬吉他金屬變調夾玫瑰金, 1個",2,"Travel Cube 超輕 TSA Lite 3 旋鈕鎖 黑色, 1個",2,"hydor 旋轉導水器, 1個",2
時器,1,"comet 多功能靜音計時器, 1個, 單品",2,"瓢蟲計時器, 藍色, 1個",2,"TIME TIMER 時間計時器, 3.0雙計時器, 白色",2
時器,2,"第二代靜音計時器, 1個, 黑色",2,"烹飪定時器, 綠色, 1個",2,"iLakia 模擬多功能時間管理時間計時器, 紅色",2
時器,3,"LAB N TOOL 靜音旋轉計時器, 黑色系, 1個",2,"dretec 廚房定時器, 1個, 白色",2,"復古計時器, 1個, 紅色",2
時器,4,"Perioe 烹飪定時器, 黑色的, 1個",2,"dretec 廚房定時器, 1個, 黑色",2,"多功能粉彩計時器粉紅色, 1個, 粉色系",2
時器,5,"ORIENT 學習計時器, 白色系列, 1份",2,"鵝可愛烹飪定時器數字定時器多功能定時器廚房磁鐵, 斑點牛, 1個",2,"多功能粉彩計時器藍色, 1個, 藍色系",2
時器,6,"Kekebuke Dual VD 振動計時器 D 日功能檢查時鐘秒錶, 奶油",2,"DRETEC 數字定時器, 白色的, 1個",2,"TIME TIMER 時間計時器 60 分鐘 20cm*32cm, 混色",2
時器,7,"Tamsaa 數位廚房定時器, 白色, 1入",2,"第二代靜音計時器, 1個, 黑色",2,"古董電話造型計時器, 棕色, 1個",2
時器,8,"E-PALACE 磁吸式廚房旋轉定時器, 銀, 1個",2,"SL 數字定時器, 單品",2,"廚房微型計時器, 端口, 1個",2
時器,9,"廚房定時器, 1個, 白鴨",2,"大螢幕計時器, 白色, 1個",2,"空氣可愛多手動計時器 TYPE 13 長達 60 分鐘, 1個, 多彩(混合)顏色",2
時器,10,"Tamsaa 多用途時間管理無噪音定時器, 1個, 黑色系",2,"comet 多功能靜音計時器, 1個, 單品",2,"Colorpot 超薄方形計時器, 綠色, 1個",2
替換式,1,"Dr.P 包大人 乾爽吸收 替換式尿片, 50 x 24cm, 46片, 6包",2,"DIY替換式紗網, 1組",2,"可填充可更換拖把, 5個",2
替換式,2,"Dr.P 包大人 替換式尿片 整夜熟睡, 50*24cm, 22入, 6包",2,"替換式圓形手柄菜瓜布, 1件, 4個",2,"22種工具轉換器, 1套",2
替換式,3,"Dr.P 包大人 替換式尿片柔軟親膚, 50*20cm, 30片, 6包",2,"口罩替換式內襯, 20件, 1個",2,"EWHA 替代單據格式, 1入, 20個",2
替換式,4,"Dr.P 包大人 替換式尿片 乾爽吸收, 50*24cm, 28片, 6包",2,"VR替換式面罩 100入, 1個, 單品",2,"替換牙刷頭 天藍色, 1組",2
替換式,5,"3M Scotch-Brite 百利 替換式馬桶刷補充包組 檸檬香, 1組",2,"3M Scotch-Brite 百利 替換式馬桶刷, 4組",2,"濾水器 3入+替換濾芯 3入, 1套",2
替換式,6,"nac nac 替換式旋轉泡綿奶瓶刷, 閃亮黃, 1組",2,"替換式鳥嘴型亞麻口罩, 薄荷藍, 1個",2,"通用式口罩替換濾芯 附膠帶, 5入, 2個",2
替換式,7,"Dr.P 包大人 乾爽吸收 替換式尿片, 50 x 24cm, 46片, 12包",2,"替換式防水枕套 32*32cm, 200入",2,"通用式口罩替換濾芯 附膠帶, 5入, 5個",2
替換式,8,"Dr.P 包大人 替換式尿片 整夜熟睡, 50*24cm, 22入, 3包",2,"Rael 替換式尿片, Moderate, 30入, 1包",2,"自動換水雙通關T型閥, 1個",2
替換式,9,"Dr.P 包大人 替換式尿片 乾爽吸收, 50*24cm, 28片, 1包",2,"Seeknit 替換式輪針組, 1組",2,"通用式口罩替換濾芯 附膠帶, 5入, 4個",2
替換式,10,"3M Scotch-Brite 百利 免手洗平板拖把刮水桶 吸水型補充布 2片, 1包",2,"3M 百利 多效合一替換式馬桶刷, 1包",2,"長彈匣轉換器, 單品, 1套",2
汽車美容神器,1,"美容院手動泡沫中和劑, 單色, 1個",2,矯正肩膀墊肩神器 2雙,2,"美容美容工具套組, 隨機的",2
汽車美容神器,2,"噴霧器 HBI200, 混色, 1入",2,"美容美容工具套組, 隨機的",2,"美容儀 藍色, 1入",2
汽車美容神器,3,"鑄造清潔劑, 1個",2,"360度增壓節水神器, 1個",2,"涼感美容儀+按摩替換頭, 單色, 1套",2
汽車美容神器,4,"這是勝利龍捲風輪刷, 1個",2,"萬用切水果切丁取肉神器 150g, 1個",2,"美容儀 霧面黑, 1入",2
汽車美容神器,5,"Lash TV 多功能美容練習模特頭閉眼, 單色, 1個",2,"汽車側袋汽車垃圾桶, 棕色, 1個",2,"美容儀 霧面紫, 1入, 1入",2
汽車美容神器,6,"威瑟斯 Remax 輪刷 46 厘米, 黑色, 1個",2,"寵物夢工廠 小熊除毛神器 15 x 13.5cm, 藍黃色, 4個",2,"冷敷美容儀 顆粒面, 混色, 1個",2
汽車美容神器,7,"BLACK POD 總是, 3個",2,"汽車用三角垃圾桶, 1個",2,"美容儀 粉紅色, 1入",2
汽車美容神器,8,"Ace 醫院鑷子 MT-140, 1個",2,"美容儀 粉紅色, 1入",2,"美容儀 霧面白, 1入",2
汽車美容神器,9,"KINTON 熱溫暖的冬季緩衝2p套組, 1套, 單色",2,"汽車通風器 白色, 單品",2,"巴西蜜蠟美體修容器 紫色, 1入",2
汽車美容神器,10,"Good Change 便攜式潔面儀, 隨機發貨, 1個",2,"Teachers 蒸汽DIY電動汽車電動汽車充電站套件, 1套",2,"冷敷美容儀 凸面, 混色, 1個",2
法式點心,1,"CROWN 皇冠 法式薄燒夾心餅乾 牛奶口味, 289g, 1盒",2,"點心大蒜, 50克, 1個",2,"法式麵包脆片 奶油蘑菇, 70g, 2包",2
法式點心,2,"CROWN 皇冠 法式薄燒夾心餅乾 維也納咖啡口味, 289g, 2盒",2,"韓國傳統點心 12號, 308g, 1盒",2,"法式麵包脆片 奶油蘑菇, 70g, 6包",2
法式點心,3,"HAITAI 海太 法式酥餅, 8個, 84g",2,"Organic Story 紫薯點心米餅, 3份, 70g",2,"法式麵包脆片 綜合蔬菜, 70g, 5包",2
法式點心,4,"O my food 歐邁福 法式麵包餅乾 香蒜奶油口味, 300g, 2包",2,"HO JEONG GA 傳統米果點心, 200g, 1包",2,"法式麵包脆片 綜合蔬菜, 70g, 6包",2
法式點心,5,"CROWN 皇冠 法式薄燒夾心餅乾 牛奶口味, 128g, 3盒",2,"Balconi Rollino可可點心蛋糕, 222g, 10包",2,"法式麵包脆片 義式披薩, 70g, 2包",2
法式點心,6,"O my food 歐邁福 法式麵包餅乾 青陽辣椒美乃滋口味, 300g, 1包",2,"EVERYTHING IN JEJU 韓國傳統米果點心, 32g, 10入",2,"gavottes 歌法蒂 笑笑牛起士 夾心餅, 60g, 1盒",2
法式點心,7,"PETER RABBIT 比得兔 蝴蝶派, 152g, 2盒",2,"minhwashop 茶點彩泥製作套組, 中秋點心 (TDPCL0060) 紅、藍、黃、白、黑 (clay/UDPCL0010), 10組",2,"Burgess 伯爵 午茶時光點心餅 香蕉藍莓, 60g, 1包",2
法式點心,8,"O my food 歐邁福 法式麵包餅乾 香蒜奶油口味, 300g, 1包",2,"Gavottes 法式經典薄餅, 125g, 1盒",2,"義美 法蘭酥 巧克力 6入, 132g, 4盒",2
法式點心,9,"九福 豆脆片 手提袋 法式起司, 200g, 3袋",2,"Roland 法式手指餅乾, 1盒, 100g",2,"義美 法蘭酥 巧克力 6入, 132g, 6盒",2
法式點心,10,"CROWN 皇冠 法式薄燒夾心餅乾 維也納咖啡口味, 289g, 3盒",2,"Gavottes 法式經典薄餅, 125g, 2盒",2,"義美 法蘭酥 巧克力 6入, 132g, 3盒",2
泡芙餅乾,1,"master mi 米大師 小星泡芙4連包 6個月以上, 草莓+蘋果, 32g, 2組",2,"PeekFreans 奶油泡芙餅乾, 104.8g, 10盒",2,"NATURMI 幸福米寶 泡芙餅乾 8個月以上, 原味, 20g, 3包",2
泡芙餅乾,2,"master mi 米大師 小星泡芙 全素 6個月以上 4包, 藍莓+香蕉, 32g, 2條",2,"Pirate's Booty 蔬菜泡芙餅乾, 1包, 113g",2,"NATURMI 幸福米寶 泡芙餅乾 8個月以上, 甜薯, 20g, 4包",2
泡芙餅乾,3,"Nnutrinini 脆妮妮 米泡芙 8個月以上, 草莓藍莓, 42g, 1罐",2,"HappyFAMILY 泡芙餅乾 60g, 藍莓紫胡蘿蔔口味, 6瓶",2,"NATURMI 幸福米寶 泡芙餅乾 8個月以上, 甜薯, 20g, 2包",2
泡芙餅乾,4,"master mi 米大師 小星泡芙 6個月以上, 小魚 + 海帶, 32g, 2條",2,"NATURMI 幸福米寶 泡芙餅乾 8個月以上, 原味, 20g, 2包",2,"NATURMI 幸福米寶 泡芙餅乾 8個月以上, 甜薯, 20g, 3包",2
泡芙餅乾,5,"master mi 米大師 小星泡芙 全素 6個月以上 4包, 青蘋果+香蕉, 32g, 2條",2,"NATURMI 幸福米寶 泡芙餅乾 8個月以上, 原味, 20g, 3包",2,"NATURMI 幸福米寶 泡芙餅乾 8個月以上, 甜薯, 20g, 6包",2
泡芙餅乾,6,"義美 小泡芙 巧克力 3包入, 171g, 2盒",2,"NATURMI 幸福米寶 泡芙餅乾 8個月以上, 原味, 20g, 4包",2,"HappyFAMILY 泡芙餅乾 60g, 羽衣甘藍菠菜口味, 1瓶",2
泡芙餅乾,7,"義美 小泡芙 香濃牛奶, 39g, 3包",2,"NATURMI 幸福米寶 泡芙餅乾 8個月以上, 原味, 20g, 6包",2,"NATURMI 幸福米寶 泡芙餅乾 8個月以上, 椰香胡蘿蔔, 20g, 2包",2
泡芙餅乾,8,"義美 小泡芙 黑可可, 57g, 3包",2,"NATURMI 幸福米寶 泡芙餅乾 8個月以上, 原味, 20g, 5包",2,"巧克力小泡芙, 62g, 12包",2
泡芙餅乾,9,"義美 小泡芙 牛奶, 57g, 12包",2,"NATURMI 幸福米寶 泡芙餅乾 8個月以上, 原味, 20g, 10包",2,"PeekFreans 奶油泡芙餅乾, 104.8g, 10盒",2
泡芙餅乾,10,"YBC Levain 餅乾, 358.4g, 1罐",2,"NATURMI 幸福米寶 泡芙餅乾 8個月以上, 甜薯, 20g, 2包",2,"Baby Bonjuk 泡芙米餅, 草莓風味, 50g, 1瓶",2
洗臉紙,1,"LIVI 優活 抽取式柔拭紙 100張, 160包",2,"LUTHIONE 璐綺妍 攜帶式弱酸性洗臉紙 乾性肌膚適用, 0.3g, 10個",2,"Vape 洗臉紙巾, 100張, 5包",2
洗臉紙,2,"蒲公英 環保抽取衛生紙, 100張, 12包, 6袋",2,"LUTHIONE 璐綺妍 攜帶式弱酸性洗臉紙 乾性肌膚適用, 0.3g, 30個",2,"Vape 洗臉紙巾, 100張, 6包",2
洗臉紙,3,"Vape 洗臉紙巾, 100張, 1包",2,"LUTHIONE 璐綺妍 攜帶式弱酸性洗臉紙 乾性肌膚適用, 0.3g, 60個",2,"Vape 洗臉紙巾, 100張, 1包",2
洗臉紙,4,"生活工坊面巾紙, 18包, 250張",2,"LUTHIONE 璐綺妍 攜帶式弱酸性洗臉紙 乾性肌膚適用, 0.3g, 20個",2,"LUTHIONE 璐綺妍 攜帶式弱酸性洗臉紙 乾性肌膚適用, 0.3g, 50個",2
洗臉紙,5,"LIVI 優活 抽取式柔拭紙 100張, 80包",2,"LUTHIONE 璐綺妍 攜帶式弱酸性洗臉紙 乾性肌膚適用, 0.3g, 50個",2,"LUTHIONE 璐綺妍 攜帶式弱酸性洗臉紙 乾性肌膚適用, 0.3g, 40個",2
洗臉紙,6,"Kleenex 舒潔 Kakao Friends盒裝迷你雙層面紙 230張, 6盒, 1袋",2,"LUTHIONE 璐綺妍 攜帶式弱酸性洗臉紙 乾性肌膚適用, 0.3g, 40個",2,"LUTHIONE 璐綺妍 攜帶式弱酸性洗臉紙 乾性肌膚適用, 0.3g, 60個",2
洗臉紙,7,"SUPER PURE 單抽式柔拭紙巾, 300張, 30包",2,"透明洗髮精, 1入",2,"Tamsaa Smart 美容擦臉專用衛生紙 250張, 6盒, 3組",2
洗臉紙,8,"淨世代 環保抽取衛生紙, 100張, 12包, 6袋",2,"MAKISAKI 洗髮精 1000ml+洗髮梳 隨機出貨, 1000ml, 1瓶",2,"SKINFOOD 大米每日亮白潔面紙, 80入, 2個",2
洗臉紙,9,"LIVI 優活 抽取式柔拭紙 100張, 320包",2,"鬼洗 髮浪Q彈乳 免沖洗, 200ml, 1瓶",2,"詩柔 洗臉巾 5D柔點加厚款, 66張, 18包",2
洗臉紙,10,"Vape 洗臉紙巾, 100張, 5包",2,"Mdmmd 明洞國際 簡單洗 無矽靈水潤洗髮精 控油, 1kg, 1瓶",2,"詩柔 洗臉巾 5D柔點加厚款, 66張, 4包",2
洗衣粉,1,"妙管家 抗菌強效洗衣粉, 10kg, 1袋",2,"白色通用洗衣粉, 1個, 2L",2,"妙管家 抗菌強效洗衣粉, 4.5kg, 8包",2
洗衣粉,2,"Attack 一匙靈 洗衣粉 制菌, 1.9kg, 2盒",2,"Beat 洗衣粉, 1.5kg, 1包",2,"妙管家 抗菌強效洗衣粉, 10kg, 1袋",2
洗衣粉,3,"白蘭 含熊寶貝馨香精華洗衣粉 大自然的馨香, 4.25kg, 1包",2,"白色通用洗衣粉, 2個, 2L",2,"妙管家 抗菌強效洗衣粉, 10kg, 6袋",2
洗衣粉,4,"妙管家 活氧洗衣粉, 4.5kg, 1包",2,"Tamsaa 洗衣粉, 1個, 5公斤",2,"妙管家 超強去污洗衣粉, 10kg, 1袋",2
洗衣粉,5,"Attack 一匙靈 抗菌EX超濃縮洗衣粉 補充包, 1.5kg, 2包",2,"Beat 洗衣粉, 1.5kg, 2包",2,"妙管家 強效洗衣粉, 1kg, 6盒",2
洗衣粉,6,"加倍潔 尤加利+小蘇打防蟎潔白洗衣粉, 4.5kg, 1包",2,"Beat 洗衣粉, 1.5kg, 3包",2,"妙管家 除臭抗菌超濃縮洗衣粉, 2kg, 2盒",2
洗衣粉,7,"Attack 一匙靈 超濃縮洗衣粉 淨柔, 1.9kg, 1盒",2,"Beat 洗衣粉, 4.5kg, 1盒",2,"妙管家 除臭抗菌超濃縮洗衣粉, 2kg, 6盒",2
洗衣粉,8,"Attack 一匙靈 抗菌EX超濃縮洗衣粉, 1.8kg, 1盒",2,"Beat 洗衣粉, 1.5kg, 4包",2,"妙管家 抗菌強效洗衣粉, 4.5kg, 16包",2
洗衣粉,9,"妙管家 抗菌強效洗衣粉, 10kg, 2袋",2,"Beat 洗衣粉, 1.5kg, 6包",2,"妙管家 除臭抗菌超濃縮洗衣粉, 2kg, 3盒",2
洗衣粉,10,"清淨海 小蘇打植萃洗衣粉, 1.2kg, 1盒",2,"Beat 洗衣粉, 1.5kg, 5包",2,"妙管家 強效洗衣粉, 1kg, 15盒",2
海帶,1,"廣川海藻 莞島海帶, 400克, 2個",2,"海帶, 1包, 500g",2,"海媽媽切海帶, 100g, 6包",2
海帶,2,"BADA&HAECHO 乾燥海帶, 100g, 2包",2,"THEHAEDAM 海帶海帶禮盒3號, 1套",2,"海媽媽切海帶, 100g, 12包",2
海帶,3,"dawnsea 綜合乾燥海帶, 7g, 1盒",2,"海帶, 1入, 200g",2,"海園切海帶, 100g, 1包",2
海帶,4,"DAESANG 大象 海帶, 200g, 1包",2,"海帶, 2包, 150g",2,"黎明海乾海帶, 200g, 2個",2
海帶,5,"BADA MOM 嚴選海帶, 500g, 1包",2,"海帶, 50g, 8包",2,"乾海帶, 300g, 1份",2
海帶,6,"OTTOGI 不倒翁 海帶芽, 100g, 1包",2,"海帶乾, 300g, 1個",2,"海鮮即食海帶, 50g, 9個",2
海帶,7,"OTTOGI 不倒翁 海帶芽, 50g, 2包",2,"海帶乾, 500g, 1包",2,"海鮮即食海帶, 50g, 12包",2
海帶,8,"茂格生機 海帶芽, 100g, 2包",2,"海帶芽, 500g, 1包",2,"NS_乾海帶(特級*綠*600g), 1入",2
海帶,9,"清淨園 乾海帶芽, 2包, 100g",2,"乾燥海帶, 4包, 100g",2,"優質海帶粉, 300g, 2罐",2
海帶,10,"OTTOGI 不倒翁 海帶芽, 250g, 1包",2,"海帶乾, 300克, 1個",2,"宇進水產乾海帶, 1kg, 2包",2
深層洗髮,1,"NARD 頭皮深層清潔植萃洗髮精, 1000ml, 1瓶",2,"深層護理洗髮精, 500ml, 2入",2,"深層護理洗髮精, 500ml, 2入",2
深層洗髮,2,"台塑生醫 Dr's Formula 立正站好洗髮精 深層控油豐盈, 600g, 1瓶",2,"海洋深層洗髮精, 500ml, 1入",2,"深層香水保濕溫和酸性蛋白質洗髮精淡香水, 1000ml, 1個",2
深層洗髮,3,"Ryo Cheong-深層清潔清涼洗髮精, 480ml, 1個",2,"深層清潔薄荷洗髮精, 1000ml, 1瓶",2,"深層煥活洗髮精 花香+麝香+木質香, 500ml, 1個",2
深層洗髮,4,"Dove 多芬 深層修護洗髮乳, 700g, 1瓶",2,"深層清潔洗髮精 500ml+養髮液 150ml, 1套",2,"深層清潔洗髮精 500ml+養髮液 150ml, 1套",2
深層洗髮,5,"Dove 多芬 深層修護洗髮乳, 1L, 1瓶",2,"深層清潔薄荷洗髮精, 1000ml, 2瓶",2,"深層香水保濕溫和酸性蛋白質洗髮精淡香水, 1000ml, 5個",2
深層洗髮,6,"VS 沙宣 深層滋潤洗髮乳, 500g, 1瓶",2,"依必朗 深層潔淨洗髮乳, 1L, 1瓶",2,"海洋深層洗髮精, 500ml, 1入",2
深層洗髮,7,"依必朗 深層潔淨洗髮乳, 1L, 1瓶",2,"依必朗 深層潔淨洗髮乳, 1L, 2瓶",2,"EM 深層潔淨洗髮精, 500ml, 6個",2
深層洗髮,8,"台塑生醫 Dr's Formula 立正站好洗髮精 深層控油豐盈, 600g, 2瓶",2,"依必朗 深層潔淨洗髮乳, 1L, 3瓶",2,"EM 深層潔淨洗髮精, 500ml, 2入",2
深層洗髮,9,"MENTHOLATUM 曼秀雷敦 抗屑冰涼洗髮精, 550ml, 2瓶",2,"依必朗 深層潔淨洗髮乳, 1L, 6瓶",2,"深層香水保濕弱酸性蛋白質洗髮精桉樹, 1000ml, 1個",2
深層洗髮,10,"CLAYGE 海泥洗髮精 D系列 深層修護, 500ml, 1瓶",2,"EM 深層潔淨洗髮精, 500ml, 2入",2,"深層香水保濕弱酸性蛋白質洗髮精桉樹, 1000ml, 3個",2
滅菌液,1,"妙管家 衣物殺菌液, 1kg, 12瓶",2,"次綠康 車內用除菌液 350ml + 60ml x 2瓶 + 安全帽用除菌液 60ml x 2瓶, 1組",2,"次綠康 車內用除菌液 350ml + 60ml x 2瓶 + 安全帽用除菌液 60ml x 2瓶, 4組",2
滅菌液,2,"妙管家 衣物殺菌液, 1kg, 5瓶",2,"妙管家 衣物殺菌液, 1kg, 1瓶",2,"妙管家 衣物殺菌液, 1kg, 6瓶",2
滅菌液,3,"Water clean 水清淨 全方位抗菌液, 350ml, 1瓶",2,"次綠康 車內用除菌液 350ml + 60ml x 2瓶 + 安全帽用除菌液 60ml x 2瓶, 2組",2,"妙管家 衣物殺菌液, 1kg, 12瓶",2
滅菌液,4,"妙管家 衣物殺菌液, 1kg, 3瓶",2,"妙管家 衣物殺菌液, 1kg, 2瓶",2,"妙管家 衣物殺菌液, 1kg, 8瓶",2
滅菌液,5,"Water clean 水清淨 全方位抗菌液, 1.2L, 1包",2,"妙管家 衣物殺菌液, 1kg, 3瓶",2,"次綠康 車內使用除菌液, 350ml, 6瓶",2
滅菌液,6,"妙管家 衣物殺菌液, 1kg, 2瓶",2,"妙管家 衣物殺菌液, 1kg, 4瓶",2,"妙管家 衣物殺菌液, 1kg, 3瓶",2
滅菌液,7,"Water clean 水清淨 全方位抗菌液, 350ml, 3瓶",2,"妙管家 衣物殺菌液, 1kg, 6瓶",2,"HK Mart 食品消毒劑二氧化氯原液, 1L, 1個",2
滅菌液,8,"妙管家 衣物殺菌液, 1kg, 1瓶",2,"妙管家 衣物殺菌液, 1kg, 5瓶",2,"速必效 四效液劑, 300ml, 5瓶",2
滅菌液,9,"Water clean 水清淨 全方位抗菌液, 1.2L, 2包",2,"妙管家 衣物殺菌液, 1kg, 10瓶",2,"3杯大容量消毒液, 1公斤, 1個",2
滅菌液,10,"ROHTO 樂敦 視涵 水感多效保養液 清涼滋潤, 500ml, 2瓶",2,"妙管家 衣物殺菌液, 1kg, 12瓶",2,"抗毒清潔消毒劑噴霧補充裝, 400ml, 5個",2
潔膚美體刀,1,VERAS 4 合 1 脫毛器黑色 VS-400,2,"潔膚凝膠, 1入, 250ml",2,"Schick 舒適牌 女用美體刀 檸檬香款, 1入, 3個",2
潔膚美體刀,2,"屠體多用刮刀 KN-A4100, 木頭, 2個",2,"KeSHO 美體刀 五刀片, 3支, 1包",2,"Schick 舒適牌 女用美體刀 檸檬香款, 1入, 2個",2
潔膚美體刀,3,"Living Home Detail 腿部脫毛身體修剪器黑色, 1件, 1個",2,"Schick 舒適牌 女用美體刀 檸檬香款, 1入, 2個",2,"Schick 舒適牌 女用美體刀 檸檬香款, 1入, 5個",2
潔膚美體刀,4,"KAI 貝印 女士3層刀片刮毛刀, 2個, 3入",2,"Schick 舒適牌 女用美體刀 檸檬香款, 1入, 3個",2,"Schick 舒適牌 女用美體刀 檸檬香款, 1個, 1個",2
潔膚美體刀,5,"UNIX 女士外賣美容迷你脫毛器, UB-A9501",2,"Schick 舒適牌 女用美體刀 檸檬香款, 1入, 4個",2,"Schick 舒適牌 女用美體刀 檸檬香款, 1支, 1支",2
潔膚美體刀,6,"修容器專用線, 1件, 1個",2,"Gillette 吉列 維納絲 女士美體刀, 4件, 3套",2,"Schick 舒適牌 仕女除毛刀具 中性肌 刀把*1+潤膚皂刀頭*2 80g, 3組",2
潔膚美體刀,7,"BOB IGIULAI女用4層刀片美體刀+替換刀片 2入組, 2組",2,"Schick 舒適牌 女用美體刀 檸檬香款, 1入, 5個",2,"Schick 舒適牌 仕女除毛刀具 中性肌 刀把*1+潤膚皂刀頭*2 80g, 4組",2
潔膚美體刀,8,"eosika SIPL-200000專用探頭, SIPL-2000",2,"女用美體刀 隨機出貨 2支組, 2組",2,"Schick 舒適牌 仕女除毛刀具 中性肌 刀把*1+潤膚皂刀頭*2 80g, 1組",2
潔膚美體刀,9,"KAI 貝印 身體修容刀, 3入, 4組",2,"NARD 潔膚巾, 4盒, 80張",2,"Schick 舒適牌 女用美體刀刀片 滋潤椰奶杏仁油款, 3入, 6盒",2
潔膚美體刀,10,"KAI 貝印 多功能修容刀組, 2入, 4個",2,"NARD 潔膚巾, 6盒, 80張",2,"Schick 舒適牌 女用美體刀刀片 滋潤椰奶杏仁油款, 3入, 1盒",2
潔面乳,1,"VT COSMETICS 老虎積雪草泡沫洗面乳, 300ml, 1條",2,"COSRX 深層潔面乳, 150ml, 1條",2,"肌膚清潔洗面乳, 120ml, 1組",2
潔面乳,2,"MENTHOLATUM 曼秀雷敦 極淨抗痘控油潔面乳, 150ml, 1瓶",2,"純淨溫和泡沫日常潔面乳, 500ml, 1個",2,"檸檬香深層清潔洗面乳 200ml, 1個",2
潔面乳,3,"JOAJOTA 氧氣洗面乳 藍色, 120ml, 3條",2,"LANEIGE 蘭芝 潔面乳, 200ml, 1瓶",2,"亮白深層清潔洗面乳, 120ml, 1入",2
潔面乳,4,"COW STYLE 牛乳石鹼 滋卿愛泡洗顏, 160ml, 1瓶",2,"Dr.CPU 泡沫潔面乳, 1L, 1瓶",2,"深層清潔泡沫洗面乳, 2個, 100ml",2
潔面乳,5,"innisfree 綠茶胺基酸保濕洗面乳, 150g, 1條",2,"INNISFREE 綠茶保濕胺基酸潔面乳, 150ml, 1條",2,"1618 茶樹潔淨泡沫洗面乳, 150ml, 3個",2
潔面乳,6,"Bio essence 碧歐斯 金萃喚膚潔面霜, 100g, 2條",2,"Klapp 清潔活性潔面乳, 1000ml, 1入",2,"溫和平衡保濕深層清潔洗面乳, 145ml, 1入",2
潔面乳,7,"uno 新淨洗顏乳, 130g, 2條",2,"INNISFREE 綠茶 保濕胺基酸 潔面乳, 150g, 1條",2,"亮澤護理洗面乳, 150g, 1組",2
潔面乳,8,"Neutrogena 露得清 深層淨化抗痘洗面乳, 100g, 2條",2,"CNP 蜂膠氨基潔面乳, 1個, 200ml",2,"海洋精華洗面乳, 1入, 180ml",2
潔面乳,9,"MENTHOLATUM 曼秀雷敦 男士冰振活炭潔面乳, 150ml, 1瓶",2,"Biore 蜜妮 控油抗痘潔面乳, 130g, 1條",2,"淨顏泡沫潔面乳, 150ml, 6個",2
潔面乳,10,"Dove 多芬 植物精選去黑頭洗面慕斯補充包, 135ml, 3包",2,"CLABIANE 溫和弱酸性泡沫潔面乳, 150ml, 1入",2,"CNP 深層清潔完美潔面乳, 1個, 150ml",2
火山岩皂,1,"LE SERAIL 席哈爾 正統手作馬賽皂 72%橄欖油, 100g, 1個",2,"太生利 洋甘菊皂 台灣冷製手工皂, 100g, 1個",2,"GREEN 綠的 抗菌皂 天然火山白泥 3入, 300g, 2組",2
火山岩皂,2,"Tea Soap 茶山房 茶樹皂, 100g, 1個",2,"太生利 竹炭皂 台灣冷製手工皂, 100g, 1個",2,"ONE WITH NATURE 海鹽礦物三重溫和香皂, 200克, 4個",2
火山岩皂,3,"Tea Soap 茶山房 綠茶皂, 100g, 1個",2,"Savonnerie 手工皂沐浴皂普羅旺斯錫 100g x 3 件套, 1組",2,"ONE WITH NATURE 海鹽礦物三重溫和香皂, 200克, 6個",2
火山岩皂,4,"sea of spa 控油淨痘皂, 125g, 1個",2,"維生素皂蘆薈, 150g, 1個",2,"ONE WITH NATURE 海鹽礦物三重溫和香皂, 200克, 3個",2
火山岩皂,5,"TOUN28 保濕舒緩洗面皂 S7 諾麗果與瓊崖海棠油, 100g, 1個",2,"木炭皂, 110g, 1個",2,"ONE WITH NATURE 海鹽礦物三重溫和香皂, 200g, 3個",2
火山岩皂,6,"barwa COSMETICS 綠橄欖滋養柔膚美肌皂, 100g, 3個",2,"Probubbly 鹽角草中性皂 8個+薑黃中性皂 2個, 1組",2,"ONE WITH NATURE 海鹽礦物三重溫和香皂, 200g, 2個",2
火山岩皂,7,"Theophile Berthon 方塊馬賽皂 紫丁香, 100g, 1個",2,"硫磺皂, 1個, 125g",2,"ONE WITH NATURE 海鹽礦物三重溫和香皂, 200克, 1個",2
火山岩皂,8,"sea of spa 海藻美體皂, 125g, 1個",2,"硫磺皂, 2個, 125g",2,"ONE WITH NATURE 海洋礦物三重溫和皂, 200克, 3個",2
火山岩皂,9,"Bienen-Diatic 冰川泥蜂膠潔膚皂, 100g, 1個",2,"硫磺皂, 3個, 125g",2,"medimix 綠寶石皇室藥草浴美肌皂 岩蘭草, 125g, 5個",2
火山岩皂,10,"EVEiL 伊蓓爾 DMP 普羅旺斯經典古法香水馬賽皂 經典茉莉花 3個, 300g, 2組",2,"柑橘香沐浴皂, 100g, 1個",2,"ONE WITH NATURE Dead Sea Spa 三重溫和礦物皂 法國綠泥, 200g, 1個",2
燕麥片,1,"QUAKER 桂格 大燕麥片, 1.1kg, 2罐",2,"燕麥片, 500g, 1包",2,"燕麥生活燕麥片, 600g, 6個",2
燕麥片,2,"QUAKER 桂格 神奇高鈣大燕麥片, 700g, 1罐",2,"燕麥片, 2kg, 1罐",2,"燕麥生活燕麥片, 600g, 2個",2
燕麥片,3,"QUAKER 桂格 日安 細燕麥片, 500g, 2盒",2,"燕麥片, 450g, 1組",2,"燕麥生活燕麥片, 600g, 5個",2
燕麥片,4,"統一生機 有機大燕麥片, 400g, 3包",2,"燕麥片, 2kg, 2罐",2,"燕麥生活燕麥片, 1kg, 1個",2
燕麥片,5,"QUAKER 桂格 大燕麥片, 1.1kg, 1罐",2,"燕麥片, 500克, 1個",2,"加拿大產燕麥片, 820g, 1組",2
燕麥片,6,"台糖 燕麥片, 500g, 2包",2,"即食燕麥片, 500g, 1包",2,"燕麥片, 450g, 1組",2
燕麥片,7,"馬玉山 高纖大燕麥片, 2.6kg, 2盒",2,"即食燕麥片, 1kg, 1包",2,"世界綠鮮速食燕麥片, 3個, 800克",2
燕麥片,8,"QUAKER 桂格 即食燕麥片 紅麴蕎麥, 700g, 1罐",2,"即食燕麥片, 1kg, 1入",2,"世界綠鮮速食燕麥片, 6包, 800克",2
燕麥片,9,"統一生機 有機細燕麥片, 400g, 2包",2,"即食燕麥片, 1kg, 1組",2,"燕麥片, 2kg, 2罐",2
燕麥片,10,"馬玉山 高纖大燕麥片, 2.6kg, 1盒",2,"即食燕麥片, 500g, 2包",2,"世界綠鮮速食燕麥片, 2包, 800克",2
爽身噴霧,1,"FRUDIA 爽身噴霧, 1入, 150ml",2,"FRUDIA 爽身噴霧, 1入, 150ml",2,"BOUQUET GARNI 身體噴霧 嬰兒爽身粉香, 145ml, 2入",2
爽身噴霧,2,"NIVEA 妮維雅 男士止汗爽身乳液 瞬間酷涼系列 激爽制汗, 柑橘, 50ml, 1瓶",2,"ETUDE HOUSE 爽身噴霧, 80ml, 1入",2,"AROUND ME Natural Perfume Vita身體噴霧 嬰兒爽身粉香, 2個, 120ml",2
爽身噴霧,3,"NIVEA 妮維雅 男士止汗爽身乳液 極限動力 滾珠瓶, 50ml, 1瓶",2,"NIVEA 妮維雅 珍珠煥采爽身止汗劑 400ml 3入+止汗爽身噴霧 35ml, 1組",2,"體香噴霧, 3個, 240ml",2
爽身噴霧,4,"NIVEA 妮維雅 男士止汗爽身乳液 乾適活力, 50ml, 1瓶",2,"NIVEA 妮維雅 瞬間酷涼系列 男士止汗爽身噴霧 柑橘, 150ml, 1瓶",2,"KUNDAL 昆黛爾 純淨香氛身體噴霧 嬰兒爽身粉香, 128ml, 5瓶",2
爽身噴霧,5,"NIVEA 妮維雅 男士止汗爽身乳膏 極限動力, 50ml, 2瓶",2,"NIVEA 妮維雅 瞬間酷涼系列 男士止汗爽身噴霧 柑橘, 150ml, 2瓶",2,"Dr.Blank 小狗營養保濕噴霧 爽身粉香, 150ml, 1個",2
爽身噴霧,6,"PAUL MEDISON 男士除臭噴霧 木質香, 200ml, 1瓶",2,"NIVEA 妮維雅 瞬間酷涼系列 男士止汗爽身噴霧 柑橘, 150ml, 3瓶",2,"KUNDAL 昆黛爾 純淨香氛身體噴霧 嬰兒爽身粉香, 128ml, 6瓶",2
爽身噴霧,7,"NIVEA 妮維雅 男士止汗爽身乳液 瞬間酷涼系列 激爽制汗, 麝香, 50ml, 1瓶",2,"NIVEA 妮維雅 瞬間酷涼系列 男士止汗爽身噴霧 柑橘, 150ml, 4瓶",2,"香氛身體噴霧, 120ml, 1個",2
爽身噴霧,8,"The Face Shop 菲詩小舖 香氛身體噴霧 2號 爽身粉麝香, 120ml, 1個",2,"NIVEA 妮維雅 瞬間酷涼系列 男士止汗爽身噴霧 柑橘, 150ml, 6瓶",2,"KUNDAL 昆黛爾 純淨香氛身體噴霧 嬰兒爽身粉香, 128ml, 8瓶",2
爽身噴霧,9,"KUNDAL 昆黛爾 純淨香氛身體噴霧 嬰兒爽身粉香, 128ml, 1瓶",2,"NIVEA 妮維雅 瞬間酷涼系列 男士止汗爽身噴霧 柑橘, 150ml, 5瓶",2,"KUNDAL 昆黛爾 純淨香氛身體噴霧 嬰兒爽身粉香, 128ml, 1瓶",2
爽身噴霧,10,"NIVEA 妮維雅 男士止汗爽身乳膏 極限動力, 50ml, 1瓶",2,"噴霧瓶, 5入",2,"經典香氛保濕身體乳 嬰兒爽身粉香, 1050ml, 2瓶",2
玻尿酸原液,1,"UNICAT 變臉貓 Ecocert 玻尿酸保濕原液, 30ml, 1瓶",2,"玻尿酸玻尿酸玻尿酸1%高分子量保濕原液500ml, 單色, 1個",2,"玻尿酸原液 100ml 2入, 單色",2
玻尿酸原液,2,"玻尿酸原液 1kg, 透明, 1瓶",2,"玻尿酸原液 100ml, 單色, 3個",2,"低分子玻尿酸原液 100ml, 單色, 1個",2
玻尿酸原液,3,"GLOW MONSTER 低分子玻尿酸1%原液, 100ml, 1瓶",2,"玻尿酸原液 100ml 2入, 單色",2,"1%玻尿酸保濕原液, 100ml, 1組",2
玻尿酸原液,4,"低分子玻尿酸原液 100ml, 單色, 1個",2,"1%玻尿酸保濕原液, 100ml, 1組",2,"玻尿酸1%原液 100ml, 單色, 1個",2
玻尿酸原液,5,"Malgeuldam 1%玻尿酸保濕精華液, 單色, 2瓶",2,"玻尿酸原液 1kg, 透明, 1瓶",2,"玻尿酸精華液, 1個, 30毫升",2
玻尿酸原液,6,"KIROCOS Natural Soo 玻尿酸保濕精華, 1000g, 1瓶",2,"玻尿酸保濕原液 100ml, 單色, 1個",2,"玻尿酸保濕精華, 200g, 1瓶",2
玻尿酸原液,7,"UNICAT 變臉貓 Ecocert 玻尿酸保濕原液, 30ml, 2瓶",2,"玻尿酸保濕原液, 3個, 100克",2,"高分子玻尿酸護理精華液 100ml, 單色, 1個",2
玻尿酸原液,8,"玻尿酸保濕精華, 1000g, 1瓶",2,"玻尿酸1%原液 220ml, 單色, 1個",2,"玻尿酸保濕精華, 200g, 2瓶",2
玻尿酸原液,9,"KIROCOS Natural Soo 玻尿酸保濕精華, 1000g, 2瓶",2,"玻尿酸保濕精華原液 100ml, 單色, 1個",2,"玻尿酸保濕精華, 1000g, 6瓶",2
玻尿酸原液,10,"GLOW MONSTER 低分子玻尿酸1%原液, 250ml, 2件",2,"低分子玻尿酸原液 100ml, 單色, 1個",2,"玻尿酸保濕精華, 200g, 5個",2
玻璃警報器,1,"SONiC 防身警報器 造型 GS-7034, 淺藍色, 1個",2,"攜帶式警報器 黑色, 1個",2,"自身保護警報器 黑色, 1個",2
玻璃警報器,2,"SONiC 防身警報器 造型紫 GS-7034, 1個",2,"攜帶式警報器 粉色, 1個",2,"自身保護警報器 紅色, 1個",2
玻璃警報器,3,"SONiC 防身警報器 造型 藍 GS-7034, 1個",2,"HICKIES 警報器 黑色, 1個",2,"紅外線感應式警報器, 1組, 警察-RL-105",2
玻璃警報器,4,"攜帶式電子警報器 金色, 1個",2,"火警警報器, 1個",2,"brisa 前門緊急鈴報警器報警器粉色, 1個",2
玻璃警報器,5,"攜帶式電子警報器 銀色, 1個",2,"HICKIES 警報器 粉紅色, 1個",2,"Beauty5C 攜帶式造型警報器 2入, 2熊粉色",2
玻璃警報器,6,"紅外線感應式警報器, 1組, 警察-RL-105",2,"HANDY MAN 防身警報器, 1個",2,"SONiC 防身警報器 造型 藍 GS-7034, 1個",2
玻璃警報器,7,"GASIAN 瓦斯警報器 GD-1029, 白色, 1組",2,"玻璃和玻璃熔體的電化學（包括玻璃電極）精裝本, 施普林格",2,"Beltama 自衛報警器粉色, 1個",2
玻璃警報器,8,"自身保護警報器 紅色, 1個",2,"警報器和灰色氣球平裝本, Xlibris公司",2,"Beauty5C 攜帶式造型警報器 2入, 小熊藍+粉色",2
玻璃警報器,9,"Wing Coco LED 燈籠警報器 粉紅色, 1個",2,"查爾斯頓平裝本的招牌口味, 12 警報器",2,"車用12V報警器 1T, 1個",2
玻璃警報器,10,"Teachers 製作STEAM紅外線警報器E-10C, 1個",2,"玻璃保護器, 1個",2,"brisa 前門緊急鈴報警器報警藍色, 1個",2
珪藻土,1,"TROMSO 珪藻土厚實吸水地墊, 里斯本花磚, 1個",2,"珪藻土防滑腳踏墊, 黑色",2,"珪藻土地墊2入組, D TYPE",2
珪藻土,2,"comet 硅藻土腳踏墊, 灰色",2,"珪藻土防滑腳踏墊, 紅色",2,"珪藻土地墊2入組, B TYPE",2
珪藻土,3,"西格傢飾 畢卡喵軟珪藻土防滑吸水地墊, 喵喵山, 1個",2,"珪藻土牙刷架, 淺灰色, 1組",2,"珪藻土地墊, JV003",2
珪藻土,4,"Tamsaa 硬質硅藻土腳踏墊 附砂紙+防滑墊, 深灰色, 1入",2,"珪藻土吸水腳踏墊, 深灰色",2,"3D立體人字紋珪藻土地墊 L號 60*39cm, 深灰色, 1組",2
珪藻土,5,"comet 珪藻土吸水橢圓地墊, 深灰色, 1個",2,"aryko 珪藻土牙刷架, 白色, 2入",2,"TROMSO 珪藻土厚實吸水地墊, 玫瑰夢境, 1個",2
珪藻土,6,"comet 硅藻土腳踏墊, 灰色, 1個",2,"珪藻土吸水腳踏墊, 淺灰色",2,"TROMSO 珪藻土厚實吸水地墊, 文藝紐約, 1個",2
珪藻土,7,"西格傢飾 畢卡喵軟珪藻土防滑吸水地墊, 瞌睡喵, 1個",2,"aryko 珪藻土牙刷架, 藍色, 2個",2,"第三代珪藻土軟墊, 花",2
珪藻土,8,"TROMSO 珪藻土厚實吸水地墊 60*39*0.9cm, 風尚大理石, 1張",2,"aryko 珪藻土牙刷架, 粉色的, 2個",2,"大理石珪藻土, 舒適",2
珪藻土,9,"comet Home 矽藻土腳踏墊, 1個, 灰色橢圓",2,"珪藻土防滑腳踏墊, 淺灰",2,"第三代珪藻土軟墊, 黑色大理石",2
珪藻土,10,"Pokemon 寶可夢 台灣製軟式珪藻土吸水地墊, 皮卡丘與伊布",2,"aryko 珪藻土牙刷架, 綠色, 2個",2,"inbloom 超吸水珪藻土地墊, 炭灰色",2
睫毛夾,1,"蘭芝LANEIGE 睫毛夾, 1支, 混色",2,"睫毛夾+局部睫毛夾, 基礎款睫毛夾+部分睫毛夾",2,"Nelic 迷你手提睫毛夾 手提睫毛夾, 透明, 1個",2
睫毛夾,2,"ROSY ROSA 完美捲翹睫毛夾, 1支",2,"睫毛夾, 單色, 1個",2,"Nelic 迷你手提睫毛夾 手提睫毛夾, 透明, 2個",2
睫毛夾,3,"MERZY 捲翹睫毛夾, 黑色, 1盒",2,"睫毛夾, 混色, 1 個",2,"Nelic 迷你手提睫毛夾 手提睫毛夾, 透明, 3個",2
睫毛夾,4,"ETUDE 睫對出色終極Pick睫毛膏 8g+睫毛夾, 1組, 01 Black(睫毛膏)",2,"睫毛夾, 1個, 銀",2,"迷你睫毛夾，附不鏽鋼睫毛, 銀, 5個",2
睫毛夾,5,"Barcogel 優質睫毛夾, 1個, 黑色",2,"睫毛夾, 金子, 1個",2,"Kai 緊湊型睫毛夾, 酷藍, 3個",2
睫毛夾,6,"Darkness 便攜式睫毛夾 2入, 白色、粉紅色, 1組",2,"理想的睫毛燙睫毛夾, 1個",2,"捲翹睫毛夾 HG5-2, 混色, 1個",2
睫毛夾,7,"KISSME 奇士美 睫毛夾, 混色, 1入",2,"睫毛夾, 金子, 1套",2,"部分全卷睫毛夾睫毛下睫毛彩色卷夾, 剪刀玫瑰金",2
睫毛夾,8,"KAI 貝印 長眼型睫毛夾 R21, 混色, 1組",2,"Nelic 迷你手提睫毛夾 手提睫毛夾, 透明, 1個",2,"Arico 便攜式迷你睫毛夾, 粉色, 12入",2
睫毛夾,9,"KAI 貝印 圓眼型睫毛夾 R18, 混色, 1組",2,"Nelic 迷你手提睫毛夾 手提睫毛夾, 透明, 2個",2,"Arico 便攜式迷你睫毛夾, 白色, 6入",2
睫毛夾,10,"ETUDE 捲翹睫毛膏 8 克 + 睫毛夾套裝, 1組, 03灰褐色(睫毛膏)",2,"Nelic 迷你手提睫毛夾 手提睫毛夾, 透明, 3個",2,"Arico 便攜式迷你睫毛夾, 白色, 9入",2
磨砂棒,1,"F3 systems 去角質磨砂棒, 2組, 單品",2,"去角質磨砂棒, 1件, 1個",2,"磨砂棒 隨機出貨, 1件, 3個",2
磨砂棒,2,"足部去角質磨砂棒 黑色, 1件, 1個",2,"足部護理磨砂棒, 1件, 1個",2,"去角質磨砂棒, 1件, 1個",2
磨砂棒,3,"足部護理磨砂棒, 1件, 1個",2,"磨砂棒 隨機出貨, 1件, 3個",2,"CHILSUNG 去角質磨砂棒 S號 粉紅色, 單品, 4支",2
磨砂棒,4,"GREEN BELL 綠鐘 金剛砂面防水足用粗細角質雙用搓磨棒 PSG-023, 1個",2,"去角質磨砂棒 藍色, 1件, 1個",2,"中圓磨砂膏隨機出貨, 1個",2
磨砂棒,5,"BELOTTY 磨砂棒 3入, 混色, 1組",2,"足部去角質磨砂棒, 2個, 1件",2,"OON 砂紙磨塊500~600, 10個",2
磨砂棒,6,"台灣 COSMOS 足部角質磨除棒 顏色隨機, 3支",2,"足部去角質磨砂棒, 1個, 1件",2,"mimoya 可可磨砂膏棒, 12g, 2個",2
磨砂棒,7,"GREEN BELL 綠鐘 PGS防水砂足腳部專用搓磨棒 PSG-025, 1個",2,"MEKO 風格磨砂棒, 6支",2,"F3 systems 去角質磨砂棒, 4個, 單品",2
磨砂棒,8,"TONYMOLY Taco 毛孔黑頭磨砂棒, 10g, 2個",2,"MEKO 風格磨砂棒, 10支",2,"mimoya 可可磨砂膏棒, 12g, 5個",2
磨砂棒,9,"台灣 COSMOS 足部角質磨除棒 顏色隨機, 5支",2,"足部去角質磨砂棒 黑色, 1件, 1個",2,"mimoya 可可磨砂膏棒, 12g, 3個",2
磨砂棒,10,"腳部護理去角質工具組 黑色, 1組, 10款",2,"MEKO 風格磨砂棒, 12支",2,"TONYMOLY Taco 毛孔黑頭磨砂棒, 10g, 3個",2
私密清潔凝膠,1,"MIP 男性私密清潔凝膠, 200ml, 2瓶",2,"MIP 男性私密清潔凝膠, 200ml, 2瓶",2,"女性私密護理清潔凝膠 10入, 16克, 1個",2
私密清潔凝膠,2,"NARD 女性私密處清潔凝膠, 1000ml, 1瓶",2,"MIP 男性私密清潔凝膠, 200ml, 4瓶",2,"男性私密處潔淨護理凝膠, 300ml, 1瓶",2
私密清潔凝膠,3,"PORMANS Cool Clean Zone涼爽男性私密處清潔凝膠, 500ml, 1瓶",2,"MIP 男性私密清潔凝膠, 200ml, 6瓶",2,"女性私密處護理凝膠 10支入, 2個",2
私密清潔凝膠,4,"BEYOND Phytoganic女性私密處清潔凝膠, 1個, 200ml",2,"MIP 男性私密清潔凝膠, 200ml, 10瓶",2,"男性私密處草本潔淨凝膠, 2瓶, 150ml",2
私密清潔凝膠,5,"HE'S CLEAN 男性私密清潔凝膠, 150g, 2瓶",2,"MIP 男性私密清潔凝膠, 200ml, 8瓶",2,"女性私密清潔露, 300ml, 1瓶",2
私密清潔凝膠,6,"JILGYUNGYI 質更益 女性私密處清潔泡沫慕斯, 150g, 1個",2,"La NaTUre 私密清潔凝膠 240ml+私密處濕紙巾 5組, 1套",2,"女性私密處粉紅色集中護理凝膠, 1.5ml, 7入",2
私密清潔凝膠,7,"PAUL MEDISON Deep-red Y care女性私密處清潔露, 510ml, 1瓶",2,"Saforelle 溫和女性私密清潔凝膠, 250ml, 1瓶",2,"女性私密處清潔乳, 50ml, 1個",2
私密清潔凝膠,8,"MIP 男性私密清潔凝膠, 200ml, 4瓶",2,"Saforelle 溫和女性私密清潔凝膠, 250ml, 2瓶",2,"男性私密處清潔露, 1個, 150ml",2
私密清潔凝膠,9,"wellnuX 維妮舒 NV5+緊緻凝膠, 30ml, 1條",2,"Saforelle 溫和女性私密清潔凝膠, 250ml, 3瓶",2,"女性私密處清潔慕斯, 1入, 150ml",2
私密清潔凝膠,10,"Derma Eco 有機蘆薈私密潔淨慕斯, 150ml, 1瓶",2,"Saforelle 溫和女性私密清潔凝膠, 250ml, 4瓶",2,"女性私密加強防護護理潔淨乳, 2瓶, 250ml",2
移動式,1,"comet 三層移動式置物架, 白色",2,"移動式衣架, 混色",2,"5層移動組織者, 混色",2
移動式,2,"Livens 移動式3層洗衣籃, 白色",2,"LIVING HAPPY 移動式衣架, 白色",2,"移動家具運輸移動王鶴 ABS 車輪 4p + 槓桿套組, B型（承載能力400公斤）, 1套",2
移動式,3,"LIVENS 移動式雙層洗衣籃, 米白色",2,"木質移動式多功能收納架, 1個",2,"殘疾人無障礙左右可移動, 1個",2
移動式,4,"LIVENS 移動式單層衣架, 白色",2,"移動式滾輪 4入, 4個",2,"3號塑料移動箱, 5個, 綠色",2
移動式,5,"plafarm 移動式圓形花盆底座, 白色, 1個",2,"多功能移動式底座 紅色, 1組",2,"擺動擺動辦公桌移動海豚, 混合顏色",2
移動式,6,"LEGO 樂高 60369 移動式警犬訓練, 1盒",2,"雙層移動式花架, 白色, 1個",2,"丹普拉移動箱1號, 綠色, 10個",2
移動式,7,"Planty 滾輪矮凳 390 x 390 x 220mm, 黑色, 1個",2,"Liwooliving 移動式衣架, 黑色的",2,"移動式衣架, 混色",2
移動式,8,comet 移動式六段折疊晾衣架,2,"移動式辦公椅, 灰色",2,"丹普拉移動箱1號, 綠色, 5個",2
移動式,9,"雙層移動式花架, 白色, 1個",2,"移動式可折疊晾衣架, 灰色",2,"ANTS 多功能儲物移動架, 1個, 卡其色",2
移動式,10,"comet 單桿高度可調節移動式衣架, 白色",2,"移動式可折疊晾衣架, 藍色",2,"丹普拉移動箱1號, 藍色, 5個",2
米香,1,"Ogam 韓國蜜糖米香餅, 110g, 2包",2,"香20克, 米香",2,"米香餅, 200g, 1份",2
米香,2,"雙色米香 奶蛋素 黑糖*10包 +黑芝麻*10包, 240g, 1袋",2,"龔記 御禮米香 薑黃米香, 100g, 1包",2,"龔記 御禮米香 米香三入禮盒, 340g, 3盒",2
米香,3,"CW 酥脆米香棒, 90g, 4個",2,"龔記 御禮米香 薑黃米香, 100g, 2包",2,"龔記 御禮米香 米香三入禮盒, 340g, 4盒",2
米香,4,"PYUNSIK FACTORY 韓國黑米米香棒 18包入, 1盒, 270g",2,"龔記 御禮米香 薑黃米香, 100g, 3包",2,"三好米 產地直送皇香米, 2.5kg, 2包",2
米香,5,"甜南瓜米香餅, 80g, 5包",2,"龔記 御禮米香 薑黃米香, 100g, 4包",2,"龔記 御禮米香 柚皮米香, 100g, 2包",2
米香,6,"Ogam 韓國蜜糖麥香餅, 110g, 2包",2,"龔記 御禮米香 柚皮米香, 100g, 1包",2,"龔記 御禮米香 柚皮米香, 100g, 1包",2
米香,7,"Ogam 韓國蜜糖米香餅, 110g, 3包",2,"龔記 御禮米香 薑黃米香, 100g, 6包",2,"NS_台灣霧峰芋香米(1.8kg), 1入",2
米香,8,"ORION 好麗友 O'RICE米餅, 1袋, 129.6g",2,"龔記 御禮米香 薑黃米香, 100g, 5包",2,"Hahyomam 米香 柑橘口味 30g 8入+大麥米香35g 8入, 520g, 1組",2
米香,9,"洋蔥米香餅, 80g, 5包",2,"龔記 御禮米香 柚皮米香, 100g, 2包",2,"鍋巴米香餅, 300g, 2個",2
米香,10,"Ogam 韓國蜜糖麥香餅, 110g, 6包",2,"龔記 御禮米香 柚皮米香, 100g, 3包",2,"三好米 花東芋香米, 1.8kg, 2袋",2
精華液,1,"Neogence 霓淨思 積雪草B5修護純粹精華, 30ml, 1瓶",2,"頭皮護理精華液, 1入",2,"玻尿酸精華液, 1個, 30毫升",2
精華液,2,"TONYMOLY Wonder 玻尿酸保濕安瓶, 100ml, 1瓶",2,"頭皮護理精華液, 100ml, 1組",2,"緊緻精華液, 30ml, 1組",2
精華液,3,"AMPLE N 胜肽抗皺緊緻安瓶, 100ml, 1瓶",2,"保濕護理精華液, 1組, 100ml",2,"亮白緊緻精華液, 40ml, 1入",2
精華液,4,"INNISFREE 綠茶籽玻尿酸保濕精華, 80ml, 1瓶",2,"酵母護理精華液, 單色, 1瓶",2,"保濕精華液, 30ml, 1個",2
精華液,5,"WELLAGE 唯拉珠 玻尿酸藍瓶保濕精華, 100ml, 1瓶",2,"睫毛滋養精華液, 10ml, 2支",2,"WRINKLE TURN 極萃賦活緊緻精華液, 1盒",2
精華液,6,"NATURE TREE 自然樹 保濕濃縮精華液, 250ml, 1瓶",2,"CHIFURE 保濕精華液, 30ml, 1瓶",2,"WRINKLE TURN 極萃賦活緊緻精華液, 5盒",2
精華液,7,"NATURE TREE 自然樹 高濃度玻尿酸修護液, 100ml, 1瓶",2,"SEUNGBI 精華液, 50ml, 1入",2,"WRINKLE TURN 極萃賦活緊緻精華液, 3盒",2
精華液,8,"AMPLE N 胜肽撫紋緊緻安瓶, 100ml, 1瓶",2,"ETeLANC 保濕精華液, 100ml, 1入",2,"深層滋潤安瓶精華液 40ml, 1瓶",2
精華液,9,"Dr.AG 積雪草玻尿酸鎮靜安瓶, 35ml, 2入",2,"Malgeuldam 1%玻尿酸保濕精華液, 2瓶",2,"高分子玻尿酸護理精華液 100ml, 單色, 1個",2
精華液,10,"COMVITA 康維他 PFL TM30 蜂膠萃取精華液, 1瓶, 25ml",2,"Malgeuldam 1%玻尿酸保濕精華液, 3瓶",2,"多效護理精華液, 50ml, 1入",2
紫外線消毒,1,"nac nac 紫外線消毒烘乾機, UA0015, 1個",2,"紫外線消毒馬桶刷套裝 960g, 1組",2,"便攜式紫外線消毒器, 小雞款",2
紫外線消毒,2,"nac nac 多功能紫外線消毒箱 UVN-001, 白色, 1個",2,"BLUEFEEL 多用途紫外線清潔器, 紫外線101",2,HAAN 智能手機紫外線多功能消毒器 HEM-UVCA02,2
紫外線消毒,3,"PUKU 藍色企鵝 紫外線負離子烘乾殺菌機, 1台",2,紫外線紫外線面罩盒多功能消毒器 MRM-100,2,"ziniQ UVC紫外線消毒器UV-200ST, UV-200ST (黑色)",2
紫外線消毒,4,"Kinyo 紫外線刀具滅菌機, KGL-300",2,KocheLLa 多功能紫外線紫外線消毒器 KLEST-1000,2,"GSP TECH 多用途紫外線消毒器 白色, JJT-891",2
紫外線消毒,5,SUMCARE 馬卡龍UV滅菌器 黑 72g,2,"PiYOPiYO 黃色小鴨 負離子紫外線消毒鍋, 1個",2,KocheLLa 多功能紫外線紫外線消毒器 KLEST-1000,2
紫外線消毒,6,"紫外線消毒馬桶刷套裝 960g, 1組",2,"廢水紫外線消毒平裝本, 水環境聯合會",2,TELLO 迷你紫外線紫外線空間消毒器 TUV01,2
紫外線消毒,7,"59S LED消毒蓋 藍色, 1個",2,"紫外線消毒手冊平裝本, 美國水廠協會",2,紫外線多功能清潔器 E-D4,2
紫外線消毒,8,"59S LED消毒蓋 粉色, 1個",2,HANSSEM 紫外線砧板消毒收納架 3.0 UV-C LED HAF-CS100WH,2,C Plus 區域紫外線消毒器 SH-100,2
紫外線消毒,9,"AcoMo PS II 六分鐘紫外線專業殺菌器 USB, 藍色, 1個",2,"Sparla 紫外線消毒烘乾機 28L, SP-3271ED",2,"BY TaP 一鍵式紫外線手機消毒器 白色, BTH-017",2
紫外線消毒,10,"次綠康 車內用除菌液 350ml + 60ml x 2瓶 + 安全帽用除菌液 60ml x 2瓶, 2組",2,"DEPTH9 紫外線消毒空間掃描儀, G27-4",2,"清潔一消毒器UV01, UV01",2
綜合維他命,1,"Centrum 善存 女性綜合維他命, 120顆, 1盒",2,"綜合維他命, 200ml, 1盒",2,"綜合維他命活力飲+維他命錠組, 30入, 1盒",2
綜合維他命,2,"大研生醫 綜合維他命緩釋膜衣錠, 60顆, 1罐",2,"每日綜合維他命, 60顆, 1罐",2,"綜合維他命 30入, 90克, 2盒",2
綜合維他命,3,"Centrum 善存 男性綜合維他命, 120顆, 1盒",2,"Solgar 綜合維他命B, 3個, 100 入",2,"綜合維他命, 200ml, 1盒",2
綜合維他命,4,"DHC 活力綜合維他命 30日份, 30顆, 3包",2,"SOLGAR 綜合維他命B膠囊, 1個, 100 入",2,"綜合維他命保健錠 25.8g, 30片, 1個",2
綜合維他命,5,"Centrum 善存 銀寶善存50+ 女性綜合維他命, 120錠, 1罐",2,"德國綜合維他命飲, 1盒, 350ml",2,"日夜綜合維他命, 60顆, 1盒",2
綜合維他命,6,"NutriD-Day Gold優質綜合維他命補充錠, 90顆, 1罐",2,"MASON natural 綜合維他命, 1組, 100顆",2,"綜合維他命錠 1500mg, 30包, 2盒",2
綜合維他命,7,"大研生醫 綜合維他命緩釋膜衣錠, 60顆, 2罐",2,"Bluebonnet 綜合維他命素食膠囊, 1個, 30 件",2,"男性綜合維他命礦物質保健食品, 90片, 1個",2
綜合維他命,8,"BLACKMORES 澳佳寶 綜合維他命強效配方膠囊, 30顆, 1罐",2,"Bluebonnet 綜合維他命素食膠囊, 1個, 60 件",2,"維他命活力錠, 60顆, 1盒",2
綜合維他命,9,"DHC 活力綜合維他命 30日份, 30顆, 1包",2,"Solgar 綜合維他命B膠囊, 1個, 250 入",2,"Vitamin House 綜合維他命錠, 60顆, 1罐",2
綜合維他命,10,"Centrum 善存 男性綜合維他命, 120顆, 2盒",2,"SOLGAR 綜合維他命B膠囊, 2罐, 100顆",2,"Vitamin House 女性綜合維他命, 1罐, 90顆",2
美足,1,"玩美日記 去角質美足靴 20ml, 2入, 1組",2,"美足去角質護理 8件組, 1套",2,"美足去角質板 2入組, 6組",2
美足,2,"MY SCHEMING 我的心機 去皮嫩膚黑足膜, 30ml, 1雙, 2包",2,"美足去角質板 2入組, 1套",2,"美足去角質板 2入組, 5組",2
美足,3,"BEAUTYFOOT 去角質足膜 大尺寸, US 9-13, 30ml, 2入, 2盒",2,"美足去角質板 2入組, 3組",2,"美足去角質板 2入組, 3組",2
美足,4,"BEAUTYFOOT 去角質足膜, 25ml, 1雙, 1盒",2,"美足去角質板 2入組, 4組",2,"美足去角質板 2入組, 4組",2
美足,5,"Baby Foot 寶貝腳 還原滑嫩美足高保濕霜, 100g, 1條",2,"美足去角質板 2入組, 6組",2,"plu 完美足部去角質板+修護足霜 100g, 4套",2
美足,6,"BEAUTYFOOT 去角質足膜 大尺寸, US 9-13, 30ml, 2入, 1盒",2,"美足去角質板 2入組, 5組",2,"美好生活足浴, 1個, 02型綠色",2
美足,7,"BEAUTYFOOT 去角質足膜, 25ml, 1雙, 2盒",2,"美足去角質板 2入組, 2組",2,"美好生活足浴, 1個, 03型灰色",2
美足,8,"玩美日記 去角質美足靴 20ml, 2入, 3組",2,"4in1 去角質美足刷, 單品, 1個",2,"美好生活足浴, 1個, 02型黃色",2
美足,9,"MY SCHEMING 我的心機 去皮嫩膚黑足膜, 30ml, 1雙, 7包",2,"美足去角質器 C款 228g, 1個, 1件",2,"玩美日記 去角質美足靴 20ml, 2入, 3組",2
美足,10,"Baby Foot 寶貝腳 還原滑嫩美足高保濕霜, 100g, 2條",2,"美足去角質器 B款 228g, 1個, 1件",2,"美好生活足浴, 1個, type03粉色",2
美體乳,1,"雪芙蘭 經典滋養乳液, 300ml, 3瓶",2,"NIVEA 妮維雅 美體緊膚乳液, 1瓶, 500ml",2,"FARMONA 緊緻身體乳 200ml+雕塑身體乳 200ml, 1組",2
美體乳,2,"KUNDAL 昆黛爾 蜂蜜澳洲堅果保濕潤膚乳 White Musk, 500ml, 2瓶",2,"CHOBS 迷你美體儀 粉紅色, 1 個",2,"魅力香氛身體乳, 1條, 140g",2
美體乳,3,"PAUL MEDISON 經典香氛身體乳 White Musk, 1077ml, 1瓶",2,"NIVEA 妮維雅 美體緊膚乳液, 400ml, 1瓶",2,"FRUDIA 友肌舒果 美體精華乳 蜜桃香, 200ml, 6條",2
美體乳,4,"W.DRESSROOM 保濕香氛身體乳 No.97 April Cotton, 500ml, 2瓶",2,"美體保濕凝膠手套+襪子 紫色, 500g, 1組",2,"SYNODIA 江原道馬鈴薯保濕身體乳, 2個",2
美體乳,5,"伊麗莎白雅頓綠茶身體乳套組, 200ml, 2入",2,"KeSHO 美體刀 五刀片, 3支, 1包",2,"SYNODIA 江原道馬鈴薯保濕身體乳, 4個",2
美體乳,6,"CLIVEN 香草森林 Q10拉提緊實再生霜, 200ml, 1罐",2,"巴西蜜蠟美體修容器 黑色, 1入",2,"FRUDIA 美體滋潤精華乳 蜜桃香, 200ml, 5個",2
美體乳,7,"KUSSEN 葵森 益菌潤膚乳液, 120ml, 1條",2,"JULYME 香氛美體髮妝噴霧, 100ml, 1個",2,"SYNODIA 江原道馬鈴薯保濕身體乳, 1組",2
美體乳,8,"jmella 迪士尼公主聯名乳液 蘋果香, 1瓶, 500ml",2,"巴西蜜蠟美體修容器 藍色, 1入",2,"芳香保濕身體乳 白桃款, 350ml, 1個",2
美體乳,9,"jmella 花園舞會香氛身體乳液, No.01 Blooming Peony, 500ml, 1瓶",2,"KOKORO 美體平衡乳霜, 1個, 59ml",2,"雪芙蘭 牛奶胜肽美膚身體乳 美白, 300g, 10瓶",2
美體乳,10,"amalfi 綜合VIT全方位多功能乳, 500ml, 3瓶",2,"BARBER501 女士美體修容膏, 300ml, 1個",2,"FRUDIA 友肌舒果 美體精華乳 蜜桃香, 200ml, 3條",2
花草茶,1,"CELESTIAL SEASONINGS 詩尚草本 草本綜合茶, 1盒",2,"CHARMNARIN 綜合花草茶包禮盒 1號+提袋組, 伯爵茶+洋甘菊茶+薄荷草本茶, 1組",2,"綜合花草茶茶包 2g 4款組 4入組, 16包",2
花草茶,2,"Magnet 曼寧 有機蜜蘋舒緩茶, 2g, 20入, 1盒",2,"ANASSA 花草茶, 20克, 1個",2,"袋裝綜合花草茶茶包, 1g, 30個",2
花草茶,3,"Magnet 曼寧 有機檸香康福茶, 2g, 20入, 1盒",2,"特選綜合花草茶三角茶包瓶裝, 1克, 7件",2,"特選綜合花草茶三角茶包瓶裝, 1克, 7件",2
花草茶,4,"Magnet 曼寧 健康花草薰衣花茶, 1.5g, 15包, 2盒",2,"ANASSA 花草茶, 1g, 10包, 1盒",2,"SSANGGYE 花草茶, 40克, 1包, 1包",2
花草茶,5,"Stassen 司迪生 洋甘菊茶 防潮包, 1.2g, 25包, 1盒",2,"Lipton 立頓 花草茶 好日茶, 2.1g, 13入, 1包",2,"yogi 洋甘菊花草茶茶包, 16件, 1.5克",2
花草茶,6,"Magnet 曼寧 洋甘菊茶, 1.5g, 15包, 2盒",2,"Lipton 立頓 花草茶 清衡茶, 2.1g, 13入, 1包",2,"草本花茶, 150g, 1入, 1包, 金銀花",2
花草茶,7,"午茶夫人 薰衣草舒眠茶包, 2g, 10包, 1袋",2,"VICTORIA 綜合花草茶三角茶包禮盒組 1號, 6種茶, 1組",2,"Tea Canne 香草茶禮品套組, 薄荷20入+香草博士茶20入+洋甘菊茶20入, 1組",2
花草茶,8,"RIDGWAYS 里奇威 清新薄荷茶, 1.5g, 20包, 1盒",2,"OSULLOC 月光花草茶, 1.5g, 10包, 1盒",2,"Allmutter 花草茶茶包3款禮盒組, 檸檬草+洋甘菊+博士茶, 1組",2
花草茶,9,"Magnet 曼寧 玫瑰蜜桃水果茶, 2g, 15包, 2盒",2,"SWEET LULLABY花草茶, 50g, 1罐",2,"優質洋甘菊花草茶包, 1g, 25包, 1罐",2
花草茶,10,"京盛宇 無咖啡因 幸福 玫瑰與洛神花茶, 4g, 10包, 3袋",2,"Health King 花草茶, 20件, 1.8克",2,"瓶裝花草茶禮盒組 C號 大瓶裝+迷你瓶裝 4款, 洋甘菊茶25g+木槿茶23g+博士茶27g+玫瑰果茶27g+迷迭香茶18g, 1組",2
葡萄糖,1,"ILKWANG 青葡萄糖, 2kg, 2包",2,"葡萄糖粉, 1個, 2kg",2,"華米葡萄糖, 1kg, 3個",2
葡萄糖,2,"NUTRIKRAFT 能量補充葡萄糖, 272g, 1包",2,"加鹽葡萄糖, 100顆, 1個",2,"藍銀水合結晶葡萄糖, 2kg, 2個",2
葡萄糖,3,"LOTTE 樂天 青葡萄果汁糖, 153g, 3袋",2,"TUREBAN 葡萄糖, 1個, 1kg",2,"藍銀水合結晶葡萄糖, 2kg, 3個",2
葡萄糖,4,"NUTRIKRAFT運動補充葡萄糖錠, 40顆, 1罐",2,"KAL 葡萄糖片, 60顆, 1罐",2,"糖漿 麝香葡萄味 8顆, 1盒",2
葡萄糖,5,"NUTRIKRAFT 能量補充葡萄糖, 272g, 2包",2,"軟骨素葡萄糖胺錠, 60顆, 1罐",2,"葡萄糖錠 水蜜桃味, 1盒, 660g",2
葡萄糖,6,"National Vita 顧可飛 葡萄糖胺薑黃軟骨素 Biocell+FYC 25專利升級配方, 946ml, 1瓶",2,"葡萄糖錠 藍莓口味, 90顆, 1罐",2,"營養葡萄乾, 1kg, 5個",2
葡萄糖,7,"HEALTHDAY 100粒葡萄糖片, 1個, 100顆, 70g",2,"華米葡萄糖, 1kg, 3個",2,"營養葡萄乾, 1kg, 6個",2
葡萄糖,8,"LOTTE 樂天 青葡萄果汁糖, 153g, 6包",2,"葡萄糖錠 藍莓口味, 90顆, 2罐",2,"營養葡萄乾, 1kg, 2個",2
葡萄糖,9,"good Life 得意人生 複方葡萄糖胺+MSM+II型膠原蛋白 膜衣錠, 60顆, 1罐",2,"葡萄糖錠 藍莓口味, 90顆, 3罐",2,"TUREBAN 葡萄糖, 1個, 1kg",2
葡萄糖,10,"National Vita 顧可飛 葡萄糖胺薑黃軟骨素 Biocell+FYC 25專利升級配方, 946ml, 2瓶",2,"葡萄糖錠 藍莓口味, 90顆, 4罐",2,"康健生機 紅寶石葡萄乾, 380g, 3罐",2
葡萄蒟蒻,1,"盛香珍 Dr.Q葡萄蒟蒻, 265g, 3袋",2,"盛香珍 蒟蒻習慣 葡萄, 180g, 6包",2,"低卡蒟蒻果凍飲 葡萄口味 7包, 1050g, 3袋",2
葡萄蒟蒻,2,"Jelly.B 低卡蒟蒻果凍 紫葡萄味, 150g, 10包",2,"盛香珍 蒟蒻習慣 葡萄, 180g, 30包",2,"低卡蒟蒻果凍飲 青葡萄口味 10包入, 1.3kg, 1盒",2
葡萄蒟蒻,3,"盛香珍 蒟蒻習慣 葡萄, 180g, 6包",2,"青葡萄低卡蒟蒻果凍飲, 150ml, 10包",2,"青葡萄低卡蒟蒻果凍飲, 150ml, 30包",2
葡萄蒟蒻,4,"Jelly.B 低卡蒟蒻果凍 青葡萄味, 150g, 10包",2,"盛香珍 蒟蒻習慣 葡萄, 180g, 12包",2,"低卡蒟蒻果凍飲 青葡萄口味 7包, 1050g, 1盒",2
葡萄蒟蒻,5,"盛香珍 Dr.Q葡萄蒟蒻, 265g, 5袋",2,"青葡萄低卡蒟蒻果凍飲, 150ml, 30包",2,"低卡蒟蒻果凍飲 青葡萄口味 7包, 1050g, 2盒",2
葡萄蒟蒻,6,"CHEERSJELLY 舉杯低卡 蒟蒻凍 葡萄 6入, 396g, 1盒",2,"盛香珍 蒟蒻習慣 葡萄, 180g, 24包",2,"低卡蒟蒻果凍飲 葡萄柚口味 7包, 1050g, 2盒",2
葡萄蒟蒻,7,"WEIDER 威德 in果凍能量飲 白葡萄口味, 180g, 24包",2,"盛香珍 蒟蒻習慣 白桃蒟蒻, 180g, 6包",2,"低卡蒟蒻果凍飲 葡萄柚口味 7包, 1050g, 1盒",2
葡萄蒟蒻,8,"Tarami 達樂美 吸果凍 白葡萄, 150g, 3包",2,"ORIHIRO 蒟蒻果凍飲 麝香葡萄口味, 8個",2,"Royal Family 皇族 奇亞籽蒟蒻果凍 葡萄, 160g, 5袋",2
葡萄蒟蒻,9,"盛香珍 蒟蒻習慣 葡萄, 180g, 12包",2,"盛香珍 蒟蒻習慣 葡萄, 180g, 18包",2,"Royal Family 皇族 奇亞籽蒟蒻果凍 葡萄, 160g, 6袋",2
葡萄蒟蒻,10,"Jelly.B 低卡蒟蒻果凍 青葡萄味, 150g, 20包",2,"盛香珍 蒟蒻習慣 葡萄, 180g, 36包",2,"低卡蒟蒻果凍飲 葡萄柚口味 7包, 1050g, 3盒",2
衣服收納箱,1,"comet 牛津布衣物收納箱, 海軍藍色, 4個",2,"comet PVC手拉式衣服收納箱, 單色, 3個",2,"7格多功能衣物收納箱 L號 2入, 白色 2p",2
衣服收納箱,2,"comet 可疊式3層收納箱 390 x 285 x 540mm, 灰色, 1個",2,"羽絨被收納箱+立式收納箱, 1套",2,"雙開口衣物收納箱 XL號, 海軍, 1個",2
衣服收納箱,3,"comet 大容量牛津布收納箱, 灰色, 2個",2,"衣服收納板, 10個",2,"衣物收納箱 L號, 灰色, 1個",2
衣服收納箱,4,"comet 牛津布衣物收納箱, 海軍藍色, 2個",2,"衣物收納箱, 綠色, 3個",2,"現代簡約內衣收納箱 粉色, 1入",2
衣服收納箱,5,"百特兔 棉麻附蓋收納箱 L, 3個",2,"按扣型衣服收納袋, 灰色",2,"鳳梨圖案衣物收納箱 3入, 1個",2
衣服收納箱,6,"comet 大容量牛津布衣物收納箱 100L, 灰色, 3個",2,"衣服收納盒, 大灰, 4入",2,"衣物分格收納箱 灰色, 1個",2
衣服收納箱,7,"YODA 優的寶貝 救援小英雄波力收納箱, AMBER, 1個",2,"Limon 衣服收納盒, 白色的, 1個",2,"comet 牛津布衣物收納箱, 灰色, 4個",2
衣服收納箱,8,"D O Sell 網眼分格式櫥櫃收納盒, 灰色, 2個",2,"多用途衣物收納箱, 混色, 1個",2,"雙開2用可折疊衣物透窗收納箱 XL號, 灰色的, 1個",2
衣服收納箱,9,"棉被衣物收納箱 100L, 2個, 灰色",2,"CASAMARU 衣服收納板, 10個",2,"衣物收納箱 M號, 粉色的, 1個",2
衣服收納箱,10,"Joeun Living 摺疊收納箱 56L, 灰色, 2入",2,"OLIVING 衣服收納袋 L號, 2入, 灰色",2,"吊掛式4格衣物收納箱RD_126 粉色, 1個",2
複合膠囊,1,"BLACKMORES 澳佳寶 綜合維他命強效配方膠囊, 30顆, 2罐",2,"B-50複合膠囊, 100顆, 1罐",2,"複合維生素, 3罐, 70克",2
複合膠囊,2,"HAC 永信藥品 綜合維他命軟膠囊, 100顆, 1罐",2,"TWINLAB 複合膠囊, 100顆, 1罐",2,"THOMPSON 多合一複合維生素膠囊, 60 件, 1個",2
複合膠囊,3,"Richvita 利捷維 有酵女性綜合維生素+鐵, 60顆, 1罐",2,"naturalplus 益生菌複合膠囊, 60顆, 1盒",2,"膠原蛋白多種維生素膠囊安瓶 7入, 1個, 2.8克",2
複合膠囊,4,"BLACKMORES 澳佳寶 綜合維他命強效配方膠囊, 30顆, 1罐",2,"naturalplus 益生菌複合膠囊, 60顆, 2盒",2,"保佳兆 螫合鐵複合膠囊, 60顆, 1罐",2
複合膠囊,5,"DHC 活力綜合維他命 30日份, 30顆, 1包",2,"naturalplus 益生菌複合膠囊, 60顆, 3盒",2,"DF 膠原蛋白綜合維他膠囊安瓿 30p, 12克, 1個",2
複合膠囊,6,"Nature Made 萊萃美 葉黃素複合軟膠囊 20mg, 150顆, 1罐",2,"naturalplus 益生菌複合膠囊, 60顆, 4盒",2,"共軛亞油酸纖活膠囊, 30顆, 7盒",2
複合膠囊,7,"達摩本草 複合專利薑黃素膠囊, 30顆, 1包",2,"Nature's Way 鎂複合膠囊, 1組, 100顆",2,"日夜綜合維他命, 60顆, 1盒",2
複合膠囊,8,"Daewoong 大熊製藥 奶薊紅麴複合膠囊, 30顆, 3盒",2,"Jangdaewon 海帶芽複合膠囊, 30顆, 1盒",2,"複合維生素C膠囊 500mg, 1個, 60 件",2
複合膠囊,9,"SOLGAR Ester-C Plus檞皮素複合素食膠囊, 1罐, 100顆",2,"CARLYLE B-100 複合膠囊, 1個, 250顆",2,"B-50複合膠囊, 100顆, 1罐",2
複合膠囊,10,"nutricost 左旋肉鹼酒石酸鉀鈉膠囊 1000mg, 240顆, 1罐",2,"PROGRESSIVE LABORATORIES MSM複合膠囊, 180顆, 1罐",2,"NEWCHAPTER 男士綜合維他命錠, 1個, 72顆",2
視訊機,1,Hejhome 智能家居相機 Pro/Pro Plus專用造型保護套,2,,2,"FHD ProCAM視訊鏡頭, PROCAM01",2
視訊機,2,"僅限 TCL 電視遙控器, RC813",2,,2,"PENGCA 4百萬像素網路視訊鏡頭, PCWEB400",2
視訊機,3,"Home Planet 網路視訊攝影機內建麥克風, HCAM01Q",2,,2,"新款 1080 全高清電腦攝像機 LS-F36, 單色",2
視訊機,4,"Munchie Deco 資訊板白色 Q2 302, 閉路電視錄製, 1個",2,,2,"Coms LED 燈 FHD 1080P 廣視角 內置麥克風 網絡攝像頭 AU919, 混色",2
視訊機,5,"優質 RCA 電視同軸電纜白色 20m, SOLTOP-626",2,,2,"COMMAX 康邁世 智慧顯示器門鈴 藍色 CAV-43M+玄關視訊攝影鏡頭 DRC-4Y, CAV-43M(可視電話)+DRC-4Y(玄關攝影機)",2
視訊機,6,"Cocomart ABS 智能手機屏幕放大器 白色 295 x 195 x 9 mm, 1個",2,,2,"PENGCA 電腦視訊鏡頭, 400萬像素PCWEB400",2
視訊機,7,"Bunky Deco Q2 附加方形信息標誌 045 黑色 2 件套, 1套, 閉路電視錄像、Wi-Fi ID 和密碼",2,,2,"logitech 羅技 logitech 羅技 FHD電腦視訊鏡頭, VU0054, 黑色",2
視訊機,8,"NEXT 1對4merit HDMI監視器分配器-0104merit SP4merit K, 單品",2,,2,"創藍內視鏡攝影機 BS-108E, 1個",2
視訊機,9,"Coms Android 谷歌播放 YouTube Netflix 觀看 4K 電視盒, EL564",2,,2,"DICOTA Webcam Pro 全高清攝像機, D31804, 混色",2
視訊機,10,"NEXT 閉路電視BNC視頻降噪和浪湧保護器, NEXT-001HDGL, 1個",2,,2,"VSTARCAM 網絡攝像機, WNA-PC100, 混色",2
觸壓,1,"World Clean 神奇五聯壓縮機, 1個, 灰色",2,,2,"Hi-Mo Regain 敏感觸控筆, 單色, 1個",2
觸壓,2,"Luarmo 泡泡舒壓板, 恐龍",2,,2,"Ethin 超細智能手機觸控筆, 黑色的, 1個",2
觸壓,3,"Bonaem 植物造型壓克力筆筒, 混合顏色, 1個",2,,2,"Coms Mart盤式觸控筆電容式智能手機觸控筆ID224, 單色, 1個",2
觸壓,4,"World Clean 經典通用壓縮機, 1支",2,,2,"觸摸手柄黑色, 3個",2
觸壓,5,"Bonaem 動物造型壓克力筆筒, 混合顏色, 1個",2,,2,"I WORLD SAFETECH 智能手機觸摸筆組合自我提交的潛艇, 1支",2
觸壓,6,"彩色指壓墊 2入, 混色",2,,2,"觸摸手指多功能棒 3p 黑色, 1個",2
觸壓,7,"Bonaem 動物造型壓克力筆筒, 混合顏色, 1個",2,,2,"海進非接觸式電梯按鈕安全棒觸摸筆便攜式電梯棒, 8個",2
觸壓,8,"David Toy 減壓玩具 Fidget Go Soda, 混色",2,,2,"Hope 超細智能手機觸控筆, 銀, 1個",2
觸壓,9,"David Toy 減壓玩具 Fidget Go Corn, 混色",2,,2,"擁有一切智能手機超細觸控筆, 銀, 1個",2
觸壓,10,"遼輥迴轉輥, 1組",2,,2,"多用途手指非接觸棒 4p 粉色, 1個",2
護肩,1,"MANIPOL 護肩, 1個",2,"護肩, 2個",2,"護肩, 5個",2
護肩,2,"護肩 CM-7550, 1個",2,"護肩, 1入",2,"柔軟右肩護肩 黑色 CM-7754, 3個",2
護肩,3,"右側護肩 CM-7754 黑色, 1入",2,"護肩, 4個",2,"柔軟右肩護肩 黑色 CM-7754, 6個",2
護肩,4,"壓力護肩 左肩款, 1入",2,"護肩, 6個",2,"護肩(右) QN-84-2 黑色, 1個",2
護肩,5,"Leehansun LivingScience 老虎護肩 L, 1個",2,"護肩, 5個",2,"富鴨肩雙肩墊護肩灰黑色, 1個",2
護肩,6,"右側護肩 CM-7754 黑色, 1個",2,"黑色護肩, 1個",2,"護肩, 6個",2
護肩,7,"ECOLIZ 護肩 左右手通用款 XL號, 1組",2,"護肩 黑色, 1個",2,"富鴨肩壓力調節雙墊護肩黑色, 1個",2
護肩,8,"D&M 壓縮護肩帶(右), 1個",2,"黑色護肩, 2個",2,"經典護肩帶 右邊, 單色",2
護肩,9,"護肩 K款, 1組",2,"黑色護肩, 3個",2,"運動肩帶護肩墊左黑色, 2個",2
護肩,10,"I.M. Tiger Sports 護肩, 1件",2,"黑色護肩, 4個",2,"護肩帶 隨機出貨, 2個",2
護足襪,1,"護足後跟襪 4雙, 1套",2,,2,"護足後跟襪 4雙, 1套",2
護足襪,2,"護足後跟襪, 2件",2,,2,"護足後跟襪, 2件",2
護足襪,3,Honey LuLu 咖啡炭紗消臭透氣機能襪 M女,2,,2,FOOTINSOLE.COM 足部保濕護理襪 3雙,2
護足襪,4,Honey LuLu 咖啡碳紗氣墊足弓1/2襪 C400,2,,2,"後腳跟保濕護足套 2入+船型襪護足套 半透明, 3入, 1組",2
護足襪,5,"GANJIatHOME 軟跟護理半筒襪03灰色, 2件, 1個",2,,2,"基本款襪子型護踝 S/M號 膚色 2入, 1個",2
護足襪,6,"Momo Monster Moisturizing Gel 保濕襪 黑色襪子套組, 1組, 1雙",2,,2,"Life Plus Foot Care 足跟保濕墊襪子灰色, 1雙, 8組",2
護足襪,7,"Iluminage 嫩膚襪 M/L, 1個",2,,2,"Life Plus Foot Care 足跟保濕墊襪子粉色, 4組, 1雙",2
護足襪,8,"So Softy 矽膠保濕襪 粉色 均碼, 2 件, 1盒",2,,2,"Unsome 運動護踝襪 3 雙裝, 黑紅",2
護足襪,9,"Feet Life Oil 保濕襪粉色, 1組, 1雙",2,,2,"Life Plus Foot Care 足跟保濕墊襪子粉色, 20套, 1個",2
護足襪,10,"MURO 無路 腳跟保護襪套, 2件, 1個",2,,2,"Life Plus Foot Care 足跟保濕墊襪子灰色, 1雙, 16套",2
辣椒,1,"金蘭 剝皮辣椒, 450g, 2罐",2,"辣椒醬, 1kg, 1瓶",2,"多用途紅辣椒串2kg, 單色, 1個",2
辣椒,2,"金太子 蒜蓉朝天辣椒, 240g, 1罐",2,"Sempio 膳府 青陽辣椒紅辣椒醬, 500g, 1盒",2,"袋裝辣椒醬, 2kg, 1組",2
辣椒,3,"福松 脫皮辣椒, 450g, 3罐",2,"金博家 辣椒先生 經典剝皮辣椒, 170g, 3包",2,"辣椒醬, 600g, 3瓶",2
辣椒,4,"金太子 朝天辣椒, 240g, 2罐",2,"辣椒醬, 600g, 1瓶",2,"辣椒醬, 600g, 6瓶",2
辣椒,5,"向記 狠辣辣椒醬, 150g, 1罐",2,"可可辣椒, 200g, 2個",2,"辣椒醬, 600g, 5瓶",2
辣椒,6,"House 好侍 七味辣椒粉, 18g, 2瓶",2,"辣椒醬, 600g, 2瓶",2,"辣椒醬, 600g, 2瓶",2
辣椒,7,"寧記 辣椒大王, 390g, 1罐",2,"辣椒乾, 18g, 1罐",2,"辣椒醬, 1kg, 1瓶",2
辣椒,8,"gomgom 韓國產辣椒粉 中辣, 110g, 1罐",2,"辣椒醬, 500克, 1個",2,"情趣按摩器+辣椒粉, 10ml, 1組",2
辣椒,9,"金蘭 剝皮辣椒, 450g, 3罐",2,"辣椒醬, 1個, 210克",2,"辣椒醬, 600g, 4瓶",2
辣椒,10,"義美 蒜蓉辣椒醬, 230g, 1罐",2,"辣椒碎, 100克, 1個",2,"向記 狠辣辣椒醬, 150g, 5罐",2
造型霜,1,"TAN NA 坦娜 造型霜, 350ml, 2罐",2,"LOWELL 造型髮霜, 120ml, 1組",2,"R+Co 造型髮雕霜, 1個, 147ml",2
造型霜,2,"KUNDAL 昆黛爾 捲髮定型霜 婚禮花束香, 1個, 130ml",2,"農夫造型霜, 1個, 150克",2,"簡單塑型造型髮膏, 120ml, 1條",2
造型霜,3,"CP-1 造型護理霜, 150ml, 1條",2,"For:Beaut 捲髮造型霜, 1個, 150ml",2,"15格花朵造型香膏矽膠模具, 隨機發貨",2
造型霜,4,"TAN NA 坦娜 造型霜, 350ml, 1罐",2,"For:Beaut 捲髮造型霜, 2個, 150ml",2,"捲髮霜, 3個, 297克",2
造型霜,5,"For:Beaut 捲髮造型霜, 1個, 150ml",2,"For:Beaut 捲髮造型霜, 3個, 150ml",2,"全藝加造型膏 P47-13, 1L, 1個",2
造型霜,6,"DASHU 每日豐盈大容量捲髮霜, 1個, 180ml",2,"For:Beaut 捲髮造型霜, 4個, 150ml",2,"JOHN FRIEDA 直髮蓬鬆長效造形霜, 9個, 141克",2
造型霜,7,"J'SOOP 捲髮造型膏, 1個, 150ml",2,"For:Beaut 捲髮造型霜, 5個, 150ml",2,"crazy skin 牛奶提亮霜, 300g, 混色, 1瓶",2
造型霜,8,"NARD Bouquet Garni Damage RX 捲髮霜, 1個, 100ml",2,"TAN NA 造型霜, 350ml, 3罐",2,"MA CHERIE 瑪宣妮 蜜桃珍珠護髮霜 絲潤感, 180g, 1條",2
造型霜,9,"swagger 維生素捲髮霜, 100g, 1條",2,"TAN NA 造型霜, 350ml, 4罐",2,"MA CHERIE 瑪宣妮 蜜桃珍珠護髮霜 絲潤感, 180g, 6條",2
造型霜,10,"DASHU 濕髮捲髮霜, 150ml, 1條",2,"TAN NA 造型霜, 350ml, 6罐",2,"造型慕斯, 1個, 200ml",2
遮瑕盤,1,"MERYTHOD 完美持妝三色修容遮瑕盤 4.5g, 淺米色+自然米色+桃米色, 1個",2,"NYC 遮瑕遮瑕棒, 1個, 中等的",2,"MAYBELLINE 媚比琳 6色調色遮瑕盤 6g, 1個, 光",2
遮瑕盤,2,"THe SaeM 得鮮 完美三色遮瑕膏, 01, 13.5g, 1個",2,"COVERGIRL 遮瑕盤, 1個, 黃色,綠色,紫色",2,"Bling Glow 4色遮瑕盤 6.4g, 單色, 4個",2
遮瑕盤,3,"THe SaeM 得鮮 完美三色遮瑕膏, 02, 13.1g, 1個",2,"SHANY 4層修容遮瑕盤, 1個, 混色",2,"LAURA MERCIER 蘿拉蜜思 2色遮瑕盤 5.92g, 4入, 6號",2
遮瑕盤,4,"the SAEM 得鮮 Cover Perfection 三色遮瑕膏, 1個, 03 Correct Up Beige",2,"L.A. COLORS 遮瑕盤, 1個, 中等的",2,"LAURA MERCIER 蘿拉蜜思 2色遮瑕盤 5.92g, 1入, 3號",2
遮瑕盤,5,"CATRICE 卡翠絲 5色遮瑕盤 6g, 混色, 1個",2,"Bling Glow 4色遮瑕盤 6.4g, 單色, 1個",2,"Bling Glow 4色遮瑕盤 6.4g, 單色, 3個",2
遮瑕盤,6,"auau Perfect 遮瑕盤 7.5g+刷子+手指粉撲組, 1組, Light Beige&Natural Beige&Peach Beige(遮瑕膏)",2,"Bling Glow 4色遮瑕盤 6.4g, 單色, 2個",2,"e.l.f. 完美混合遮瑕膏, 1個, 淺米色",2
遮瑕盤,7,"CEZANNE palette 遮瑕膏 4.5g, 混色, 1個",2,"Bling Glow 4色遮瑕盤 6.4g, 單色, 3個",2,"LAURA MERCIER 蘿拉蜜思 2色遮瑕盤 5.92g, 1入, 7號",2
遮瑕盤,8,"MALU WILZ 遮瑕膏, NO.3 純米色, 6g, 1罐",2,"Bling Glow 4色遮瑕盤 6.4g, 單色, 5個",2,"e.l.f. 完美混合遮瑕膏, 1個, 杏色米色",2
遮瑕盤,9,"THe SaeM 得鮮 完美三色遮瑕膏, 02, 13.1g, 2個",2,"Bling Glow 4色遮瑕盤 6.4g, 單色, 4個",2,"LAURA MERCIER 蘿拉蜜思 2色遮瑕盤 5.92g, 3入, 6號",2
遮瑕盤,10,"the SAEM 得鮮 Cover Perfection 三色遮瑕膏, 1個, 04 Tone Up Beige",2,"遮瑕棒, 11克, 1個",2,"雲遮瑕刷, 遮瑕膏, 2個",2
酵素,1,"Angel LaLa 天使娜拉 超濃代謝 夜の速攻酵素, 30顆, 1盒",2,"Barun 酵素果蔬酵素食品30p, 90g, 2個",2,"發酵穀物酵素粉, 90g, 1盒",2
酵素,2,"Simply 新普利 超濃代謝夜酵素錠EX, 0.6g, 30顆, 1盒",2,"大漢酵素 果萃蔬果酵素粉 90g, 30包, 1盒",2,"酵素粉隨身包 30包入, 75g, 1盒",2
酵素,3,"Simply 新普利 食事油切酵素錠EX 1.1g, 30顆, 1盒",2,"大漢酵素 淨暢酵素錠 300mg, 90顆, 1盒",2,"Barun 酵素果蔬酵素食品30p, 90g, 2個",2
酵素,4,"Tsuie 日濢 舒暢益生菌山苦瓜酵素 強化版 2.5g, 15包, 1盒",2,"大漢酵素 淨暢酵素錠 300mg, 90顆, 2盒",2,"蔬果穀物酵素粉 30條, 1盒, 30包",2
酵素,5,"SENTOSA 三多 消化酵素Plus 膜衣錠 奶素, 60顆, 1盒",2,"酵素&純素捲心菜酵素 14p, 1盒, 14條",2,"蔬果穀物酵素粉 30條, 2盒, 30包",2
酵素,6,"Simply 新普利 夜酵素SUPER DX, 30顆, 0.75g, 1盒",2,"D-CUT鳳梨酵素&木瓜酵素錠, 45顆, 2罐",2,"綜合穀物酵素粉隨身包 30包入, 90g, 2盒",2
酵素,7,"Funeat 鳳梨酵素粉隨身包, 90g, 1盒",2,"早安酵素植物蛋白大豆發酵酵素, 300克, 1個",2,"傳統發酵研究所發酵酵素淨30p, 90克, 1個",2
酵素,8,"我的健康日記 夜食酵素 4g, 30包, 1盒",2,"酵素粉隨身包, 120g, 1盒",2,"Just Beauty 穀類發酵酸酵素 30p, 2個, 60g",2
酵素,9,"Simply 新普利 夜間代謝酵素錠, 30顆, 2盒",2,"大漢酵素 消化の優酵素粉Plus 30包, 90g, 1盒",2,"綜合酵素隨身包 3g 30入, 90g, 1盒",2
酵素,10,"大漢酵素 淨暢酵素錠 300mg, 90顆, 1盒",2,"早安酵素11早安發酵酵素, 300克, 1個",2,"綜合草本酵素保健食品, 1盒, 160g",2
關節保養,1,"NutriD-Day MEGALEX MSM2000關節護理錠, 90顆, 1罐",2,"NutriMe 關節保養錠, 60顆, 1個",2,"鯊魚軟骨素關節護理保健錠 48g, 1罐",2
關節保養,2,"NutriD-Day 優質軟骨素補充錠, 90顆, 1罐",2,"NU.WISE 葡萄糖胺關節保養膠囊, 60顆, 1盒",2,"NutriMe 關節保養錠, 60顆, 1個",2
關節保養,3,"good Life 得意人生 複方葡萄糖胺+MSM+II型膠原蛋白 膜衣錠, 60顆, 2瓶",2,"Noodle&Boo 保養乳液, 1條",2,"Move Free 益節 關節保健錠, 1盒, 80顆",2
關節保養,4,"QUAKER 桂格 葡萄糖胺飲 68ml, 14瓶, 1盒",2,"RiRe 保養足膜, 5包, 1盒",2,"Dr+ 關節護理營養錠 60g, 120顆, 1個",2
關節保養,5,"National Vita 顧可飛 葡萄糖胺薑黃軟骨素 Biocell+FYC 25專利升級配方, 946ml, 2瓶",2,"AHC 逆齡保養面霜, 50ml, 1罐",2,"關節軟骨保健錠+提袋, 30顆, 4盒",2
關節保養,6,"SENTOSA 三多 保固力純素錠, 80顆, 1盒",2,"ogx 保養髮膏, 1個, 187克",2,"Nutrione 軟骨素關節護理錠, 54g, 1罐",2
關節保養,7,"BLACKMORES 澳佳寶 活性鈣+D3, 30顆, 2罐",2,"Rawlings 保養刷黑色 EAOL6S13, 1個",2,"寵物關節護具 L, 1個",2
關節保養,8,"good Life 得意人生 複方葡萄糖胺+MSM+II型膠原蛋白 膜衣錠, 60顆, 1罐",2,"SOLGAR 護髮膚甲保養錠, 1罐, 120顆",2,"寵物關節護具 M, 17克, 1個",2
關節保養,9,"QUAKER 桂格 葡萄糖胺飲 68ml, 14瓶, 2盒",2,"NIVEA 妮維雅 保養淨味爽身滾珠瓶, 1支, 50ml",2,"imnutri MBP1300軟骨素關節護理錠, 60顆, 2罐",2
關節保養,10,"DHC 台灣公司貨 葡萄糖胺 30日份, 120顆, 500mg, 1包",2,"橙采 綿羊油保養乳液, 500ml, 1瓶",2,"REXCHI 健康膝關節保護劑黑色M, 1套",2
除毛刀,1,"Schick 舒適牌 舒綺 極Salon Plus仕女除毛刀 敏感肌用 44.6g, 1支, 1組",2,"Schick 舒適牌 舒芙仕女除毛刀, 3入, 1盒",2,"女式除毛器綠色手柄本體+4片除毛刀片, 1個, 2組",2
除毛刀,2,"Schick 舒適牌 舒柔仕女輕便刀敏感肌 55g, 3入, 1包",2,"Schick 舒適牌 舒芙仕女除毛刀, 3入, 2盒",2,"女式除毛器綠色手柄本體+4片除毛刀片, 1個, 5組",2
除毛刀,3,"Schick 舒適牌 仕女除毛刀片 中性肌, 3入, 1盒",2,"Schick 舒適牌 舒芙仕女除毛刀, 3入, 4盒",2,"女式除毛器綠色手柄本體+4片除毛刀片, 1個, 3組",2
除毛刀,4,"Schick 舒適牌 舒絲仕女輕便刀, 3支, 2組",2,"Schick 舒適牌 舒芙仕女除毛刀, 3入, 6盒",2,"Gillette 吉列 Venus系列 Olay莓果女士除毛刀 + 除毛刀頭 2個, 2盒",2
除毛刀,5,"Schick 舒適牌 舒芙仕女除毛刀, 3入, 1盒",2,"Schick 舒適牌 舒芙仕女除毛刀, 3入, 5盒",2,"Gillette 吉列 Venus系列 Olay莓果女士除毛刀 + 除毛刀頭 2個, 4盒",2
除毛刀,6,"Gillette 吉列 維納絲私密除毛刀+替換刀頭, 2入, 1組",2,"Gillette 吉列 Venus 女士除毛刀, 2支, 1入",2,"KeSHO 仕女六刀片除毛刀, 3支, 3包",2
除毛刀,7,"Schick 舒適牌 仕女除毛刀片 敏感肌, 3入, 1盒",2,"Schick 舒適牌 舒芙仕女除毛刀, 3入, 3盒",2,"KeSHO 仕女六刀片除毛刀, 3支, 4包",2
除毛刀,8,"Schick 舒適牌 舒絲仕女除毛刀具 刀把+刀片, 1組",2,"KeSHO 仕女六刀片除毛刀, 3支, 1包",2,"KeSHO 仕女六刀片除毛刀, 3支, 5包",2
除毛刀,9,"Schick 舒適牌 女用美體刀刀片 檸檬香款, 3入, 1盒",2,"KeSHO 仕女六刀片除毛刀, 3支, 2包",2,"KeSHO 仕女六刀片除毛刀, 3支, 6包",2
除毛刀,10,"Schick 舒適牌 舒綺 2in1 美型刀, 1盒",2,"KeSHO 仕女六刀片除毛刀, 3支, 4包",2,"Gillette 吉列 Venus系列 溫和白茶女士除毛刀 + 除毛刀頭 2個, 2盒",2
除雜草,1,"家家 除蟻粒, 8包, 1盒",2,"新光洋菜 珊瑚草, 300g, 1包",2,"農業園藝除草劑04木柄三叉戟, 2個",2
除雜草,2,"SODA SCHOOL 圓珠型氯化鈣除濕劑補充包 3kg 2入+不織布 8入, 1組",2,"東夷藥草九節草, 1包, 450g",2,"Mont Blanc 簡易型除草劑 35011, 1個",2
除雜草,3,"FORES 玻璃容器材料草坪地板 No. 3 20 x 30 cm, 1個",2,"當美亭草清油果, 200g, 1個",2,"Daishin Handy 根除草劑 DS-701829, 1個",2
除雜草,4,"今天的同理心除草 Homi 1 號, 2個",2,"當美亭草清油果, 200g, 2個",2,"新鮮藥草, 300g, 1包",2
除雜草,5,"Mont Blanc 除草劑 35023, 1個",2,"當美亭草清油果, 200g, 3個",2,"低翼園藝除草器串支撐型, 1個",2
除雜草,6,"MONACO OLIVE 根除除草劑, 1個",2,"CHONEUNGRYEOK 蛇草莓草, 200克, 1包",2,"Homei 除草劑 Cheonnabal vs., 1個",2
除雜草,7,"SUNKEY 簡易脫模劑SES-731, 1個",2,"當美亭草清油果, 200g, 4個",2,"HAEDONG 海東 Dankal 800 水生除草劑套裝, 混色, 1組",2
除雜草,8,"BIOSSHOP 玻璃容器人造草坪 30 x 30 厘米, 1個",2,"當美亭草清油果, 200g, 5個",2,"Mont Blanc 除草劑 35081, 1個",2
除雜草,9,"FORES 玻璃容器草坪 5 號樓, 1個",2,"新光洋菜 水洗珊瑚草, 150g, 1包",2,"Mont Blanc 除草劑 35075, 1個",2
除雜草,10,"FORES 玻璃容器材料草坪 30 x 30 厘米, 1個",2,"BEYOND 馬鞭草清爽身體乳, 1瓶, 500ml",2,"總部除草劑 530E, 1個",2
隱藏式拉桿,1,"HEIAN SHINDO 平安伸銅 兩段式強化伸縮桿 RTB 75, 黑色, 1支",2,"Hans Market 磁性隱藏式抽屜安全鎖套組, 1套",2,Dorim 拉鍊拉桿箱隨身攜帶,2
隱藏式拉桿,2,"PRO SELECT 5段可拆式伸縮桿組, 1組",2,"Rockbros Road to Sky 隱藏式鋼纜鎖車把安裝自行車鎖 YG-HILR01, 混色, 1個",2,前開式拉鍊隨身行李,2
隱藏式拉桿,3,"Sundecor 強化彈簧式伸縮桿門簾桿, 白色, 1入",2,"家具拉桿, 1個",2,經典拉鍊多用箱,2
隱藏式拉桿,4,"黏貼式彈簧置物桿固定架 4入, 白色, 1組",2,"免打孔櫃門兩用不鏽鋼隱形磁吸式門片 黑色 L號, 2個",2,"多用途移動拉桿 紅色, 1個",2
隱藏式拉桿,5,"SHIMOYAMA 霜山 多功能金屬分隔伸縮桿 掛桿, 1個",2,"免打孔櫃門兩用不鏽鋼隱形磁吸式門片 金色 L號, 2個",2,迷你硬殼手提行李箱,2
隱藏式拉桿,6,"Comery 拉伸桿 粉色 B0922, 1個",2,"免打孔櫃門兩用不鏽鋼隱形磁吸式門片 金色 S號, 4個",2,"安裝後行李箱保險桿防護罩, 特拉克斯交叉, 單色",2
隱藏式拉桿,7,"DECOSIN 在 deco 多用途壓縮桿中, 混色",2,"Vintage Home Sweet Home 隔斷窗簾一體式+拉桿, 1",2,"B.SPEC 可掛式運動拉桿, 黑色的",2
隱藏式拉桿,8,"無釘安裝壓桿, 白色的",2,"A-Hope 形狀圖案隔斷窗簾一體式+拉桿, 19 型",2,手提迷你行李箱,2
隱藏式拉桿,9,"Archire 多功能高級壓縮桿, 單色",2,"Vintage Home Sweet Home 隔斷窗簾一體式+拉桿, 5",2,"現代抽拉式隨身旅行包, 06粉色",2
隱藏式拉桿,10,"Young-il 導軌壓接桿直徑 13mm No.2 45-70cm, 白色的, 1 個",2,"Vintage Home Sweet Home 隔斷窗簾一體式+拉桿, 10",2,"家用門框拉桿, 黑色",2
集線器,1,"MAXTILL C 轉 USB 4 連接埠集線器 HM-HB4PCL, 黑色",2,"USB端口集線器, 白色的",2,"矽膠集線器 4孔, 3個",2
集線器,2,"Home Planet 7口USB 3.0/HDMI集線器 Dex, 單色",2,"USB端口集線器, 黑色的",2,"Unicorn 4 連接埠 USB 3.0 集線器 RH-3040, 黑色",2
集線器,3,"NEXT Easynet Ubiquitous USB3.0鋁製8端口支架式電源USB集線器 -319U3, 混色",2,"矽膠集線器 4孔, 3個",2,"CABLE FACTORY 4段集線器 黑色 L號, 100個",2
集線器,4,"Home Planet 4口USB3.0集線器, 黑色",2,"矽膠集線器 6孔 黑色, 3個",2,"ORICO 奧睿科 USB 3.0集線器4口+USB充電口2口介電多集線器RH4CS, 黑色",2
集線器,5,"NEXT 4孔USB HUB集線器 -204UH, 混色",2,"4口USB 2.0集線器, 白色的",2,"矽膠集線收納分配器 粉色, 1個",2
集線器,6,"YOGER 充電線收納架 10入組, 黑色+白色, 10入",2,"TOPK 集線器, 2個, 黑色",2,"TOPK 集線器, 2個, 黑色",2
集線器,7,"Tamsaa 電線整理器, 黑色, 2個",2,"矽膠集線器 6孔 紅色, 3個",2,"bcase 磁吸式智慧型手機電線集線器 綠色, 1個",2
集線器,8,"3M Command 無痕 大型電線整理器 2入, 2組",2,"OWC USB集線器, 黑色",2,"矽膠集線器 6孔 黑色, 3個",2
集線器,9,"D O Sell 整齊排線+固定夾30p一套, 1套, 白色的",2,"LAN USB 3.0 集線器, 灰色",2,"USB 3.0 4 連接埠集線器 DHUB20, 黑色",2
集線器,10,"Kinyo USB3.0 + RJ45鋁合金集線器 附Type-C轉接頭, HUB-23, 1條",2,"矽膠集線器 6孔 黃色, 3個",2,"6合1 TypeC USB集線器 SY-213, 混色",2
雞蛋捲,1,"義美 小蛋捲 芝麻, 114g, 2盒",2,"孔雀 捲心餅 雞蛋布丁, 63g, 3包",2,"雞老大 犬用 雞腿蛋捲 7入, 2包",2
雞蛋捲,2,"喜年來 原味蛋捲, 192g, 2盒",2,"孔雀 捲心餅 雞蛋布丁, 63g, 4包",2,"喜年來 原味蛋捲, 192g, 2盒",2
雞蛋捲,3,"孔雀 捲心餅 雞蛋布丁, 63g, 3包",2,"孔雀 捲心餅 雞蛋布丁, 63g, 6包",2,"喜年來 芝麻蛋捲, 64g, 4盒",2
雞蛋捲,4,"義美 芝麻蛋卷, 60g, 3盒",2,"孔雀 捲心餅 雞蛋布丁, 63g, 5包",2,"喜年來 芝麻蛋捲, 64g, 6盒",2
雞蛋捲,5,"黑師傅 捲心酥 草莓, 200g, 2罐",2,"Kitchen-Art 雞蛋捲煎鍋, 24cm, 1個",2,"喜年來 原味蛋捲, 192g, 6盒",2
雞蛋捲,6,"新東陽 精緻肉鬆蛋捲 原味, 68g, 2盒",2,"孔雀 捲心餅 雞蛋布丁, 63g, 7包",2,"喜年來 原味蛋捲, 192g, 12盒",2
雞蛋捲,7,"義美 芝麻蛋捲, 180g, 2盒",2,"BOURBON 北日本 雞蛋風味迷你蛋糕捲, 163g, 1袋",2,"喜年來 原味蛋捲, 64g, 24盒",2
雞蛋捲,8,"鴻津 太國捲, 350g, 2袋",2,"CELDERMA 雞蛋保濕凝膠面膜, 10片, 1個",2,"喜年來 芝麻蛋捲 蛋素, 192g, 12盒",2
雞蛋捲,9,"新竹福源 花生醬綜合餅乾禮盒 372g, 1盒",2,"卡賀 雞蛋沙琪瑪, 180g, 3袋",2,"食材工坊 玫瑰花蛋捲, 102g, 6盒",2
雞蛋捲,10,"義美 蛋捲 原味, 60g, 3盒",2,"卡賀 沙琪瑪 雞蛋, 750g, 1袋",2,"美雅 手工蛋捲, 35g, 12包",2
頭皮 養髮液,1,"Avca頭皮護理強健髮根茶樹護髮液, 200ml, 2個",2,"養髮液, 150ml, 1入",2,,2
頭皮 養髮液,2,"Dr.Banggiwon Lab 防脫育髮精華, 150ml, 2瓶",2,"養髮液, 100ml, 1入",2,,2
頭皮 養髮液,3,"a'rin 氧潤 髮固多頭皮營養液, 120ml, 1瓶",2,"養髮液, 1個, 120ml",2,,2
頭皮 養髮液,4,"Aromatica 艾瑪植萃 頭皮養護噴霧, 100ml, 1瓶",2,"RAUSCH 頭皮按摩養髮液, 200ml, 1個",2,,2
頭皮 養髮液,5,"Dr.Wolff 咖啡因營養養髮液, 200ml, 1組",2,"防落髮養髮液, 1個, 150ml",2,,2
頭皮 養髮液,6,"NARD 黑種草籽強健髮根噴霧, 200ml, 2瓶",2,"S'calpMed 頭皮舒緩保溼養髮液, 1入, 100ml",2,,2
頭皮 養髮液,7,"NARD 活絡髮根調理噴霧, 200ml, 1瓶",2,"Vitabrid 養髮液 100ml+養髮粉 1.5g組合, 1套",2,,2
頭皮 養髮液,8,"Avca頭皮護理強健髮根茶樹護髮液, 200ml, 1個",2,"REUZEL 養髮液, 1個, 500ml",2,,2
頭皮 養髮液,9,"DASHU 活絡髮根草本調理噴霧, 150ml, 1入",2,"Salrimbaekseo 養髮液, 2瓶, 200ml",2,,2
頭皮 養髮液,10,"Medi Flower 秘密花園 豐盈香氛養髮液, 100ml, 2瓶",2,"REUZEL 養髮液, 2個, 500ml",2,,2
香氛劑,1,"EMO 香氛晶球 白麝香, 330g, 2瓶",2,"香氛珠子空氣清新劑 咖啡豆香氛款, 咖啡香, 450g, 4罐",2,"香氛精油 15ml, 香草",2
香氛劑,2,"Laundrin' 朗德林 室內芳香劑 經典花香, 220ml, 1瓶",2,"金剛寵物除臭劑爽身粉香氛, 1L, 2件",2,"香氛噴霧 薰衣草, 60ml, 5個",2
香氛劑,3,"EMO 香氛晶球 浪漫迷情, 330g, 2瓶",2,"ATTITUDE 香氛除臭劑 85g, 白茶, 1個",2,"香氛噴霧 薰衣草, 60ml, 3個",2
香氛劑,4,"John's Blend 車用芳香劑補充包, 白麝香, 2盒",2,"The Bath Queen 薰衣草香氛除臭劑, 230g, 1盒",2,"妙管家 噴霧式芳香劑 淡雅薰衣草, 300ml, 6瓶",2
香氛劑,5,"Laundrin' 朗德林 室內芳香劑 經典花香, 220ml, 2瓶",2,"加倍潔 香氛洗衣槽去汙劑 2包, 400g, 3盒",2,"妙管家 噴霧式芳香劑 淡雅薰衣草, 300ml, 2瓶",2
香氛劑,6,"ST 雞仔牌 消臭力 部屋消臭力 清爽香 除煙味, 400ml, 2瓶",2,"熊寶貝 衣物香氛袋 花漾香氛 3入, 3盒",2,"薰衣草香廁所除臭劑 2oz, 118ml, 5個, 香草/麝香",2
香氛劑,7,"Lenor 蘭諾 衣物芳香豆 青檸紫羅蘭, 520ml, 1瓶",2,"加倍潔 香氛洗衣槽去汙劑 2包, 400g, 6盒",2,"加氛 除菌去味噴霧空間, 250g, 1瓶",2
香氛劑,8,"John's Blend 車用芳香劑補充包, 黑麝香, 1盒",2,"加倍潔 香氛洗衣槽去汙劑 2包, 400g, 2盒",2,"薰衣草香廁所除臭劑 2oz, 41ml, 1瓶, 柑橘香",2
香氛劑,9,"John's Blend 車用芳香劑補充包, 櫻花麝香, 1包",2,"Febreze 風倍清 香氛室內除臭劑, 275g, 2瓶",2,"妙管家 噴霧式芳香劑 淡雅薰衣草, 300ml, 3瓶",2
香氛劑,10,"ST 雞仔牌 消臭力 Premium Aroma 室內舒眠系列芳香劑 夢幻薰衣草, 400ml, 1瓶",2,"TOMS 24小時持久自然香氛除臭劑, 1個, 64克",2,"加氛 除菌去味噴霧空間, 250g, 6瓶",2
香皂盤,1,"現代矽膠香皂盤 3入組, 白色, 3個",2,"comet 海綿香皂盤 4入, 單色",2,"甜馬卡龍香皂盒, 藍色, 4個",2
香皂盤,2,"Sedree 海綿肥皂盤, 白色, 4個",2,"Fragonard 花宮娜 地中海香皂+香皂盤, 1套",2,"ABM 玫瑰雕花香皂盒, 隨機出貨, 7份",2
香皂盤,3,"Sedree 海綿肥皂盤, 別緻的灰色, 1個",2,"Fragonard 花宮娜 茉莉香皂 150g+香皂盤, 1套",2,"半圓形肥皂盤, 白色的, 2個",2
香皂盤,4,"Sedree 海綿肥皂盤, 白色, 1個",2,"Block Mart 矽膠香皂盤, 白色, 3個",2,"Block Mart 矽膠香皂盤, 藍色, 3片",2
香皂盤,5,"Cassido 卡司多 原創方塊肥皂盤, 1個",2,"現代矽膠香皂盤 3入組, 白色, 3個",2,"THE ZAKKA 手提雙格肥皂盤, Y217LBBO093, 1個",2
香皂盤,6,"市場計劃 無孔二合一肥皂盤, 1個, 混色",2,"Block Mart 矽膠香皂盤, 白色, 6個",2,"TP Life Dwin 雙層香皂盒, 藍色, 1個",2
香皂盤,7,"KOXINA 珪藻土吸水多用途置物盤, 大理石, 1組",2,"Block Mart 矽膠香皂盤, 綠色, 3片",2,"natureahn 瓷質304不銹鋼肥皂盒托盤, 1個, 單色",2
香皂盤,8,"10X10 瀝水肥皂盒, 灰色, 1組",2,"Block Mart 矽膠香皂盤, 隨機發貨, 3片",2,"Junikuya 香皂盒, 1個, 粉色",2
香皂盤,9,"spider loc 不鏽鋼吸盤肥皂架, 銀色, 1個",2,"香皂, 80g, 1個",2,"河綠心香皂碟, 6件, 亮粉色",2
香皂盤,10,"J-Ro傾斜肥皂盒, 1個, 白色",2,"natureahn 排水盤 1 盤, 灰色的",2,"Block Mart高檔304不銹鋼粘性肥皂盤, 單色, 3個",2
體香劑,1,"MOOGOO 慕爾果 天然草本體香劑 低敏無香, 60ml, 1瓶",2,"GATSBY 體香劑, 1個, 60ml",2,"體香噴霧, 3個, 240ml",2
體香劑,2,"MOOGOO 天然草本體香劑 檸檬香桃木, 115ml, 1瓶",2,"Malrin 草本體香劑, 1組",2,"Fa 體香劑 粉色時尚花香, 6個, 50ml",2
體香劑,3,"NIVEA 妮維雅 止汗爽身乳液 乾適活力Plus, 50ml, 1瓶",2,"lavera 體香劑, 1個, 50ml",2,"Fa 體香劑 清新香, 4個, 50ml",2
體香劑,4,"BYPHASSE 蓓昂斯 Deodorant身體芳香滾珠瓶 玫瑰香 48H, 50ml, 1個",2,"amalfi 麝香玫瑰體香劑, 50ml, 2瓶",2,"Fa 體香劑 粉色時尚花香, 4個, 50ml",2
體香劑,5,"MOOGOO 天然草本體香劑 低敏無香, 60ml, 2瓶",2,"amalfi 麝香玫瑰體香劑, 50ml, 3瓶",2,"Fa 體香劑 清新香, 6個, 50ml",2
體香劑,6,"NIVEA 妮維雅 止汗爽身乳液 乾適活力Plus, 50ml, 2瓶",2,"amalfi 麝香玫瑰體香劑, 50ml, 4瓶",2,"Tom's OF MAINE 無味體香劑, 6個, 64克",2
體香劑,7,"MIMI LAURYNE'S 凝膠香水 海洋木質香, 15ml, 2條",2,"amalfi 麝香玫瑰體香劑, 50ml, 6瓶",2,"AMERICAN PROVENANCE 精油體香劑 丁香+依蘭依蘭香, 3個, 75g",2
體香劑,8,"MOOGOO 天然草本體香劑 檸檬香桃木, 115ml, 2瓶",2,"amalfi 麝香玫瑰體香劑, 50ml, 5瓶",2,"LafeS 薰衣草香體香劑, 6個, 236ml",2
體香劑,9,"MIMI LAURYNE'S Evas 凝膠香水 柑橘花香, 15ml, 5條",2,"Fa 體香劑 清新香, 1個, 50ml",2,"FRAGRANCE 優香 固體芳香劑 香水百合, 120g, 6罐",2
體香劑,10,"TOOFRUIT 果漾青蘋體香膏, 50ml, 1瓶",2,"Old Spice 體香劑, 1個, 85克",2,"FRAGRANCE 優香 固體芳香劑 香水百合, 120g, 3罐",2
髮凝乳,1,"DASHU 濕髮捲髮霜, 150ml, 1條",2,"NIVEA 妮維雅 驅黑淨白精華凝乳, 320ml, 1條",2,"biomed TF Infine潤澤護髮凝膠, 125ml, 6個",2
髮凝乳,2,"Han Young 涵漾 草本持久造型髮雕, 500ml, 2瓶",2,"NIVEA 妮維雅 驅黑淨白精華凝乳, 320ml, 2條",2,"biomed TF Infine潤澤護髮凝膠, 125ml, 4個",2
髮凝乳,3,"CDen 佧登 造型保濕捲捲乳, 300ml, 1瓶",2,"NIVEA 妮維雅 驅黑淨白精華凝乳, 320ml, 3條",2,"biomed TF Infine潤澤護髮凝膠, 125ml, 3個",2
髮凝乳,4,"achoa 頭髮保濕精華, 200g, 1條",2,"NIVEA 妮維雅 果萃透亮精華凝乳, 320ml, 1條",2,"Queen Helene 髮型凝膠, 1個, 567克",2
髮凝乳,5,"TAN NA 坦娜 造型霜, 350ml, 2罐",2,"NIVEA 妮維雅 淡斑亮白青春精華凝乳, 320ml, 1條",2,"biomed TF Infine潤澤護髮凝膠, 125ml, 2個",2
髮凝乳,6,"JSOOP Style J 捲髮造型乳, 250ml, 1條",2,"NIVEA 妮維雅 淡斑亮白青春精華凝乳, 320ml, 2條",2,"JOHN FRIEDA 捲髮拋光長效造型凝膠, 6個, 141克",2
髮凝乳,7,"ELASTINE 伊絲婷 Perfect Freeze超強力定型髮膠 軟管裝, 200ml, 1條",2,"Vaseline 凡士林 淡斑勻亮精華凝乳, 330ml, 1條",2,"La Bella 酪梨油捲髮定型髮膠, 1個, 624克",2
髮凝乳,8,"Daleaf 護理彈力捲髮霜 淡淡花香 150ml+30ml, 1組",2,"Vaseline 凡士林 肌亮水潤精華凝乳, 330ml, 1條",2,"Roudye 柔蝶 魔力纖 強力造型髮膠, 300ml, 4罐",2
髮凝乳,9,"DASHU 韓方強健髮根蛋白質護髮乳, 1條, 150ml",2,"Vaseline 凡士林 淡斑勻亮精華凝乳, 330ml, 2條",2,"Shea Moisture 多維生素軟捲髮凝膠霜, 1個, 236毫升",2
髮凝乳,10,"LUDILIYA 綠迪麗雅 硬雕強力塑型乳 定型造型乳, 300ml, 1瓶",2,"Vaseline 凡士林 肌亮水潤精華凝乳, 330ml, 2條",2,"AZH 專業捲髮摩絲髮蠟, 140ml, 3個",2
魔術貼,1,"comet 魔術貼膠帶, 1個",2,"Janusnet魔術貼魔術貼防蟲網灰色+魔術貼白色套組, 1組",2,"魔術方塊 2*2, 無貼紙",2
魔術貼,2,"Yogur 魔術貼紮帶電纜線整理魔術貼, 6個",2,"Janus Net 魔術貼 魔術貼 防蟲網 密網+魔術貼 黑色, 1個",2,"超細纖維環型魔術貼綠松石, 10個",2
魔術貼,3,"DASHU 男用魔術胸貼 52張 37mm, 1盒",2,"comet 魔術貼膠帶, 1個",2,"魔術貼方形酷包迷你 4p, 混色",2
魔術貼,4,"Imate 3M 圓形魔術貼膠帶, 100個",2,"Yogur 魔術貼紮帶電纜線整理魔術貼, 6個",2,魔術貼步行者,2
魔術貼,5,"DASHU 男用魔術胸貼 52張 37mm, 3盒",2,"HANDY MAN 魔術貼魔術貼 20 x 900 毫米隨機出貨, 3組",2,"QUE CHUNG 普通網灰+黑色魔術貼, 1個",2
魔術貼,6,"安安 成人紙尿褲 淨爽型, L-XL 腰圍38-62吋, 13片, 2包",2,"HANDY MAN 魔術貼魔術貼 2p 17 x 400 毫米, 3片",2,"簡單繪圖魔術貼抽屜蓋窗簾+魔術貼貼紙, 01型",2
魔術貼,7,"DASHU 男用魔術胸貼52張入, 1盒",2,"Janus Net魔術貼密實防蟲網黑色+魔術貼黑色套組, 1組",2,"簡單繪圖魔術貼抽屜蓋窗簾+魔術貼貼紙, 06型",2
魔術貼,8,"DASHU 男用魔術胸貼 37mm 52張, 2盒",2,"AndHouse魔術貼黑色, 4件",2,"水療凝膠魔術貼, 6入, 3個",2
魔術貼,9,"comet 圓形魔鬼氈貼片 20mm 11對, 10片",2,"AndHouse 魔術貼白色, 4件",2,"簡單繪圖魔術貼抽屜蓋窗簾+魔術貼貼紙, 08型",2
魔術貼,10,"安安 成人紙尿褲 淨爽型, L-XL 腰圍38-62吋, 13片, 6包",2,生活 魔術貼吸塵器筆芯,2,"3M Scotch 多用途魔術貼替換裝 18mm x 20m, 8個, 半透明",2
麻油,1,"OTTOGI 不倒翁 100%純芝麻油, 160ml, 1瓶",2,"麻油, 400ml, 1個",2,"麻油車 頂級冷壓黑麻油, 255ml, 3瓶",2
麻油,2,"OTTOGI 不倒翁 傳統芝麻油, 450ml, 1瓶",2,"麻油車 頂級冷壓黑麻油, 255ml, 1瓶",2,"麻油車 頂級冷壓黑麻油, 255ml, 2瓶",2
麻油,3,"OTTOGI 不倒翁 香醇芝麻香油, 500ml, 1瓶",2,"麻油車 頂級冷壓白麻油, 255ml, 1瓶",2,"麻油車 頂級冷壓黑麻油, 255ml, 5瓶",2
麻油,4,"OTTOGI 不倒翁 芝麻油, 80ml, 1瓶",2,"麻油車 頂級冷壓黑麻油, 255ml, 2瓶",2,"油用麻油, 180毫升, 1個",2
麻油,5,"貴夫人 純正黑麻油, 250ml, 1瓶",2,"麻油車 頂級冷壓黑麻油, 255ml, 3瓶",2,"麻油車 頂級冷壓白麻油, 255ml, 1瓶",2
麻油,6,"清淨園 頂級芝麻油, 160ml, 1瓶",2,"麻油車 頂級冷壓白麻油, 255ml, 2瓶",2,"麻油車 頂級冷壓白麻油, 255ml, 2瓶",2
麻油,7,"OTTOGI 不倒翁 芝麻油, 500ml, 1罐",2,"麻油車 頂級冷壓黑麻油, 255ml, 4瓶",2,"NS_麻油(寶島*500cc), 1入",2
麻油,8,"OTTOGI 不倒翁 老芝麻油, 500ml, 1瓶",2,"麻油車 頂級冷壓白麻油, 255ml, 3瓶",2,"麻油車 冷壓有機白麻油, 135ml, 5瓶",2
麻油,9,"龍宏 黑麻油, 500ml, 1瓶",2,"麻油車 頂級冷壓黑麻油, 255ml, 5瓶",2,"麻油車 冷壓有機白麻油, 135ml, 2瓶",2
麻油,10,"KADOYA 角屋 芝麻油, 434.8ml, 3瓶",2,"麻油車 頂級冷壓白麻油, 255ml, 4瓶",2,"麻油車 冷壓有機白麻油, 135ml, 4瓶",2
黑豆粉,1,"御復珍 黃金黑豆粉 無添加糖 純素食, 600g, 1罐",2,"黑豆粉, 500g, 1個",2,"黑豆粉, 200g, 1包",2
黑豆粉,2,"馬玉山 黑豆粉, 300g, 2包",2,"黑豆粉, 200g, 1包",2,"黑豆粉, 1包, 300g",2
黑豆粉,3,"長青穀典 100%純黑豆粉, 250g, 2罐",2,"黑豆粉, 1包, 300g",2,"健康黑豆粉, 1組, 1kg",2
黑豆粉,4,"Chungeun 黑豆粉, 1kg, 1包",2,"黑豆粉 30入, 90克, 1個",2,"原鄉黑豆粉 700g, 1罐",2
黑豆粉,5,"御復珍 黃金黑豆粉 無添加糖 純素食, 600g, 2罐",2,"健康黑豆粉, 1組, 1kg",2,"原鄉黑豆粉, 200g, 2個",2
黑豆粉,6,"Damtuh 丹特 黑豆芝麻粉, 800g, 1盒",2,"SINSUNHERB 黑豆粉, 1個",2,"黑豆粉, 1罐, 500g",2
黑豆粉,7,"御復珍 黑八寶粉 純素食 無糖, 600g, 1罐",2,"黑豆黑芝麻粉, 500g, 1包",2,"烤黑豆粉, 230g, 3罐",2
黑豆粉,8,"長青穀典 100%純黑豆粉, 250g, 1罐",2,"黑豆黑芝麻粉, 500g, 1入",2,"烤黑豆粉, 230g, 4罐",2
黑豆粉,9,"Tk Foods 黑豆燕麥奶昔粉, 1.2kg, 1罐",2,"韓國產黑豆粉, 200g, 1包",2,"薌園 青仁黑豆粉 熟粉, 450g, 3罐",2
黑豆粉,10,"薌園 青仁黑豆粉 熟粉, 450g, 4罐",2,"黑豆黑芝麻粉, 500g, 2包",2,"黑豆粉, 500g, 1個",2
養髮液,1,,2,,2,"頭皮護理精華液, 1入",2
養髮液,2,,2,,2,"高級洗髮精+養髮液+頭皮舒緩噴霧組合, 1套",2
養髮液,3,,2,,2,"頭皮護理洗髮精 敏感性髮質適用, 330ml, 1入",2
養髮液,4,,2,,2,"頭皮保濕護理洗髮精, 300ml, 1個",2
養髮液,5,,2,,2,"頭皮護理洗髮精, 350克, 1個",2
養髮液,6,,2,,2,"頭皮護理洗髮精, 1個, 200毫升",2
養髮液,7,,2,,2,"Dr.FORHAIR 頭皮豐盈養髮調理液, 120ml, 4瓶",2
養髮液,8,,2,,2,"頭皮護理洗髮精 親密朋友, 1個, 500ml",2
養髮液,9,,2,,2,"頭皮護理洗髮精, 500ml, 1入",2
養髮液,10,,2,,2,"弱酸性頭皮護理洗髮精, 1000ml, 1入",2
